CustomerID,TotalSpending,TotalOrders,TotalItems,Cluster
12346.0,77183.6,1,74215,2
12347.0,4310.0,182,2458,0
12348.0,1797.24,31,2341,0
12349.0,1757.55,73,631,0
12350.0,334.4,17,197,0
12352.0,2506.04,85,536,0
12353.0,89.0,4,20,0
12354.0,1079.4,58,530,0
12355.0,459.4,13,240,0
12356.0,2811.43,59,1591,0
12357.0,6207.67,131,2708,0
12358.0,1168.06,19,248,0
12359.0,6372.58,248,1622,3
12360.0,2662.06,129,1165,0
12361.0,189.9,10,91,0
12362.0,5226.23,266,2229,3
12363.0,552.0,23,408,0
12364.0,1313.1,85,1506,0
12365.0,641.38,22,174,0
12367.0,168.9,11,173,0
12370.0,3545.69,167,2353,0
12371.0,1887.96,63,591,0
12372.0,1298.04,52,794,0
12373.0,364.6,14,197,0
12374.0,742.9300000000001,33,342,0
12375.0,457.5,17,178,0
12377.0,1628.12,77,944,0
12378.0,4008.62,219,2529,0
12379.0,852.24,40,407,0
12380.0,2724.81,104,1127,0
12381.0,1845.31,87,808,0
12383.0,1850.56,99,1532,0
12384.0,585.27,27,126,0
12386.0,401.9,10,354,0
12388.0,2780.66,100,1462,0
12390.0,549.84,32,353,0
12391.0,460.89,100,300,0
12393.0,1582.6000000000001,64,816,0
12394.0,1272.48,27,819,0
12395.0,3018.63,156,2118,0
12397.0,2409.9,126,1263,0
12398.0,1635.6599999999999,85,1394,0
12399.0,1108.65,59,1178,0
12401.0,84.3,5,11,0
12402.0,225.6,11,94,0
12403.0,427.7,5,96,0
12405.0,1710.39,54,857,0
12406.0,3415.3,105,1818,0
12407.0,1708.1200000000001,77,1416,0
12408.0,2888.55,105,1409,0
12409.0,11072.67,109,5551,3
12410.0,693.3299999999999,26,211,0
12412.0,1226.88,61,829,0
12413.0,758.1,38,286,0
12414.0,562.41,18,300,0
12415.0,124914.53,714,77374,2
12417.0,3649.1,192,1552,0
12418.0,668.58,34,407,0
12420.0,600.39,29,345,0
12421.0,807.04,45,484,0
12422.0,803.5600000000001,39,370,0
12423.0,1859.31,125,1339,0
12424.0,1760.96,30,740,0
12425.0,777.2,36,496,0
12426.0,582.73,30,258,0
12427.0,825.8,31,533,0
12428.0,7956.46,294,3536,3
12429.0,3750.4,97,1557,0
12430.0,256.4,11,117,0
12431.0,6487.45,235,2906,3
12432.0,5059.32,108,1801,0
12433.0,13375.87,420,11071,3
12434.0,806.14,50,394,0
12435.0,7829.89,36,2055,0
12436.0,509.01,16,211,0
12437.0,4951.41,199,2922,0
12438.0,2906.85,98,1180,0
12441.0,173.55,11,121,0
12442.0,172.06,12,182,0
12444.0,5005.46,176,1153,0
12445.0,133.4,4,62,0
12446.0,1002.3100000000001,57,351,0
12447.0,476.49,26,190,0
12448.0,449.45,22,243,0
12449.0,4067.29,191,1553,0
12450.0,197.88,8,128,0
12451.0,9035.52,354,6575,3
12452.0,430.57,22,185,0
12453.0,707.09,43,473,0
12454.0,3528.34,15,1006,0
12455.0,2466.86,90,2089,0
12456.0,3181.04,125,1633,0
12457.0,2363.23,62,843,0
12458.0,947.4,38,506,0
12461.0,826.88,35,287,0
12462.0,1189.59,62,536,0
12463.0,1344.78,83,776,0
12464.0,1212.05,29,112,0
12465.0,742.1899999999999,47,479,0
12468.0,729.5400000000001,38,366,0
12471.0,19824.05,460,8212,3
12472.0,6572.11,339,4148,3
12473.0,3938.5499999999997,168,2439,0
12474.0,7375.79,424,4847,3
12475.0,723.38,36,535,0
12476.0,6816.42,233,2408,3
12477.0,13219.74,300,3653,3
12478.0,680.99,36,236,0
12479.0,527.2,31,385,0
12480.0,3281.63,154,1707,0
12481.0,5596.32,217,3304,3
12483.0,2484.98,75,1110,0
12484.0,4541.72,346,2191,3
12488.0,1298.66,55,529,0
12489.0,334.93,15,105,0
12490.0,5417.93,245,3064,3
12491.0,460.40000000000003,26,260,0
12492.0,263.21000000000004,20,192,0
12493.0,433.74,22,207,0
12494.0,1246.1000000000001,77,707,0
12497.0,1043.1,14,1236,0
12498.0,403.70000000000005,23,159,0
12500.0,4257.82,61,2678,0
12501.0,2169.39,149,1783,0
12502.0,3723.87,147,820,0
12504.0,482.04999999999995,9,90,0
12506.0,73.5,23,23,0
12507.0,1304.81,21,894,0
12508.0,398.27,69,272,0
12509.0,176.5,7,55,0
12510.0,982.5699999999999,33,353,0
12512.0,138.03,34,99,0
12513.0,612.29,35,462,0
12514.0,1017.68,51,440,0
12515.0,383.7,16,131,0
12516.0,1312.06,26,875,0
12517.0,2502.84,284,1371,0
12518.0,2056.89,124,1318,0
12519.0,340.84,18,183,0
12520.0,2634.26,152,1439,0
12521.0,599.68,38,309,0
12522.0,192.72,12,194,0
12523.0,1789.77,106,865,0
12524.0,4485.72,144,3699,0
12526.0,1316.66,71,632,0
12527.0,348.71000000000004,18,234,0
12528.0,1933.48,92,756,0
12530.0,1662.28,66,913,0
12531.0,125.22,17,45,0
12532.0,349.83000000000004,16,153,0
12534.0,1089.18,63,651,0
12535.0,716.35,34,219,0
12536.0,12601.830000000002,261,2803,3
12538.0,363.95,21,191,0
12539.0,5568.35,273,2067,3
12540.0,13400.24,478,6685,3
12541.0,981.18,52,680,0
12544.0,372.7,19,136,0
12545.0,1000.39,50,523,0
12546.0,1161.5,69,633,0
12547.0,207.79999999999998,8,134,0
12548.0,95.19999999999999,5,49,0
12550.0,964.83,57,569,0
12551.0,168.0,10,100,0
12552.0,437.82,20,88,0
12553.0,3692.28,191,1965,0
12556.0,603.71,121,358,0
12557.0,11990.960000000001,33,4384,0
12558.0,269.96,11,196,0
12559.0,561.71,21,283,0
12560.0,2134.01,105,1110,0
12561.0,238.85,16,177,0
12562.0,3781.7400000000002,168,1779,0
12564.0,456.9,21,133,0
12565.0,145.92,9,80,0
12566.0,351.65,19,265,0
12567.0,9401.28,446,4305,3
12569.0,4124.69,188,1801,0
12571.0,519.61,34,523,0
12572.0,1020.42,60,452,0
12573.0,160.54000000000002,28,84,0
12574.0,218.45,11,61,0
12576.0,1315.83,88,967,0
12577.0,657.8,147,472,0
12578.0,2794.51,114,1196,0
12579.0,440.42,29,285,0
12580.0,415.7,24,238,0
12581.0,197.71,15,161,0
12582.0,511.36,22,300,0
12583.0,7281.38,247,5060,3
12584.0,2338.15,96,416,0
12585.0,2040.1,87,1279,0
12586.0,196.94000000000003,11,79,0
12587.0,144.0,4,51,0
12588.0,214.89999999999998,10,53,0
12589.0,646.68,35,306,0
12590.0,9864.26,68,4283,0
12591.0,452.84999999999997,26,228,0
12592.0,437.6,18,290,0
12593.0,418.09999999999997,21,206,0
12594.0,3338.2200000000003,118,1777,0
12596.0,618.27,27,474,0
12597.0,3811.22,206,2236,0
12598.0,3023.08,132,1964,0
12599.0,1032.58,62,956,0
12600.0,2599.04,64,774,0
12601.0,577.0600000000001,28,245,0
12602.0,153.12,12,162,0
12603.0,739.1999999999999,2,63,0
12604.0,254.18,16,201,0
12607.0,1579.51,101,1228,0
12609.0,1126.85,60,648,0
12610.0,2099.54,106,1049,0
12611.0,1193.32,65,846,0
12612.0,704.0400000000001,19,262,0
12613.0,3344.38,153,1644,0
12614.0,315.6,20,76,0
12615.0,2291.19,105,1376,0
12616.0,713.3,32,284,0
12617.0,355.53,42,213,0
12618.0,177.31,11,96,0
12619.0,3641.24,90,3378,0
12620.0,1339.41,92,1181,0
12621.0,13689.67,467,7440,3
12622.0,180.1,11,69,0
12623.0,305.1,18,191,0
12624.0,641.13,38,355,0
12625.0,2683.82,86,1612,0
12626.0,6620.48,294,3453,3
12627.0,4478.53,230,2752,0
12628.0,786.46,41,448,0
12630.0,1270.88,64,548,0
12631.0,640.5,31,236,0
12633.0,2163.98,101,1162,0
12635.0,1689.18,101,1172,0
12637.0,6021.9,390,3002,3
12638.0,671.69,39,577,0
12639.0,486.1,22,201,0
12640.0,1174.58,53,311,0
12641.0,185.9,10,72,0
12642.0,1013.26,47,552,0
12643.0,3344.64,24,1808,0
12644.0,477.91,31,325,0
12645.0,1775.18,73,1084,0
12646.0,1346.97,45,897,0
12647.0,3722.82,121,1431,0
12648.0,318.05,21,160,0
12649.0,623.51,31,586,0
12650.0,314.44,20,254,0
12651.0,114.0,9,78,0
12652.0,919.98,48,505,0
12653.0,2209.85,43,919,0
12654.0,601.98,38,264,0
12656.0,4051.17,126,1723,0
12657.0,1643.18,47,1044,0
12658.0,686.05,36,320,0
12659.0,91.68,5,105,0
12660.0,245.1,13,127,0
12662.0,3849.78,230,2058,0
12664.0,4881.88,37,1203,0
12665.0,63.0,3,37,0
12667.0,620.13,33,395,0
12668.0,3807.15,161,1634,0
12669.0,2744.0299999999997,101,1115,0
12670.0,2996.05,92,1397,0
12672.0,225.89999999999998,10,78,0
12673.0,610.52,42,351,0
12674.0,1970.6,83,1133,0
12676.0,1331.39,45,670,0
12678.0,17628.46,165,10923,3
12679.0,1113.02,48,554,0
12680.0,862.81,52,443,0
12681.0,13787.54,638,7536,3
12682.0,12288.22,525,5575,3
12683.0,8476.57,344,4987,3
12684.0,2283.63,105,1985,0
12685.0,2863.08,157,1523,0
12686.0,89.14,7,107,0
12688.0,4873.8099999999995,171,3028,0
12689.0,1247.61,72,628,0
12690.0,389.01,16,106,0
12691.0,1035.8,32,394,0
12693.0,855.91,39,255,0
12694.0,869.67,37,509,0
12695.0,582.1,27,220,0
12697.0,957.59,41,508,0
12700.0,4939.99,268,2967,3
12701.0,797.71,53,678,0
12702.0,219.0,12,53,0
12703.0,283.55,21,164,0
12704.0,2340.84,88,1006,0
12705.0,6868.29,334,3997,3
12707.0,603.42,33,256,0
12708.0,2712.91,157,1307,0
12709.0,9736.52,208,3936,3
12710.0,1149.02,77,851,0
12712.0,4396.13,133,1062,0
12713.0,848.55,38,508,0
12714.0,4708.86,259,3069,3
12715.0,353.86,21,197,0
12716.0,1053.49,69,708,0
12717.0,1030.98,55,506,0
12718.0,238.25,19,203,0
12719.0,644.95,39,374,0
12720.0,5781.73,354,4672,3
12721.0,2656.13,161,1959,0
12722.0,997.63,53,566,0
12723.0,725.07,69,434,0
12724.0,1031.41,53,445,0
12725.0,427.8,24,164,0
12726.0,2609.1,124,3143,0
12727.0,3980.7,139,2098,0
12728.0,836.33,46,419,0
12729.0,453.01,26,233,0
12731.0,18895.91,274,8437,3
12732.0,236.26000000000002,12,111,0
12733.0,383.95,22,137,0
12734.0,110.39999999999999,4,88,0
12735.0,779.5699999999999,43,368,0
12736.0,234.0,4,173,0
12738.0,155.35,11,148,0
12739.0,1013.04,38,486,0
12740.0,427.6,27,342,0
12743.0,546.43,134,319,0
12744.0,21279.29,222,5241,3
12747.0,4196.01,103,1275,0
12748.0,33719.73,4595,25747,2
12749.0,4090.88,199,1471,0
12750.0,275.88,15,137,0
12752.0,4366.78,53,2262,0
12753.0,21429.39,197,11421,3
12754.0,3010.74,63,6481,0
12755.0,3811.95,4,1491,0
12756.0,112.07999999999998,4,144,0
12757.0,7857.1,371,2402,3
12758.0,2791.59,97,2135,0
12759.0,1531.44,95,902,0
12762.0,1898.52,69,1227,0
12763.0,494.08,18,316,0
12764.0,1693.88,45,386,0
12766.0,6989.63,310,3646,3
12769.0,1143.6,32,356,0
12770.0,1351.45,12,743,0
12772.0,892.47,55,556,0
12775.0,1386.04,66,877,0
12778.0,822.23,50,825,0
12779.0,3981.36,149,2024,0
12781.0,826.74,25,671,0
12782.0,2330.92,103,1086,0
12783.0,2225.91,84,624,0
12784.0,574.42,59,300,0
12785.0,311.95,14,131,0
12787.0,463.66,20,261,0
12789.0,91.85,4,4,0
12790.0,324.92,21,166,0
12791.0,192.60000000000002,2,97,0
12792.0,400.53999999999996,25,217,0
12793.0,545.48,24,295,0
12794.0,860.41,45,592,0
12795.0,430.48,14,68,0
12797.0,254.03,13,118,0
12798.0,6977.04,8,5256,0
12802.0,427.58,25,314,0
12808.0,483.65000000000003,28,188,0
12809.0,489.31,25,220,0
12811.0,514.85,31,230,0
12812.0,229.64000000000001,15,164,0
12814.0,125.92,2,49,0
12815.0,1063.46,47,379,0
12816.0,572.2,29,128,0
12817.0,166.04,4,53,0
12818.0,1542.08,14,929,0
12820.0,942.34,59,722,0
12821.0,92.72,6,70,0
12822.0,948.88,46,550,0
12823.0,1759.5,5,230,0
12824.0,397.12,25,232,0
12826.0,1474.72,91,1058,0
12827.0,430.15000000000003,25,197,0
12828.0,1018.71,56,494,0
12829.0,293.0,11,376,0
12830.0,6814.64,38,9848,3
12831.0,215.05,9,135,0
12832.0,383.03,27,195,0
12833.0,417.38,24,156,0
12834.0,312.38,18,110,0
12836.0,2612.86,175,1064,0
12837.0,134.1,12,24,0
12838.0,683.13,123,359,0
12839.0,5591.42,314,3807,3
12840.0,2726.77,113,1511,0
12841.0,4022.35,420,2757,3
12842.0,1118.99,34,547,0
12843.0,1702.26,103,781,0
12844.0,325.96000000000004,52,125,0
12845.0,354.09,27,204,0
12847.0,871.54,91,909,0
12849.0,1050.8899999999999,51,623,0
12851.0,135.18,50,109,0
12852.0,311.55,17,149,0
12853.0,1957.1000000000001,78,800,0
12854.0,1324.5,110,627,0
12855.0,38.1,3,30,0
12856.0,2179.93,314,1079,0
12857.0,1106.4,46,343,0
12863.0,521.2,5,188,0
12864.0,147.12,3,216,0
12865.0,1568.23,95,925,0
12866.0,559.12,26,171,0
12867.0,4036.82,538,4298,3
12868.0,1607.0600000000002,107,928,0
12871.0,380.64,11,200,0
12872.0,599.97,66,319,0
12873.0,374.0,4,128,0
12875.0,343.2300000000001,2,2019,0
12876.0,2218.02,85,1941,0
12877.0,1535.77,154,1178,0
12878.0,854.99,47,547,0
12879.0,573.22,10,370,0
12881.0,298.0,7,21,0
12882.0,1463.04,13,246,0
12883.0,703.47,42,196,0
12884.0,309.05,7,43,0
12885.0,1175.22,71,655,0
12886.0,1378.4,82,770,0
12888.0,354.12,5,76,0
12890.0,380.46999999999997,82,259,0
12891.0,331.0,3,950,0
12893.0,188.14,34,96,0
12895.0,372.8,22,210,0
12897.0,216.5,4,110,0
12901.0,17654.54,116,23075,3
12902.0,138.68,10,66,0
12904.0,509.58,72,302,0
12906.0,2919.81,63,1749,0
12908.0,750.0,2,1200,0
12909.0,2178.67,91,1280,0
12910.0,3075.04,75,1692,0
12912.0,1662.3,24,670,0
12913.0,2483.63,50,1419,0
12915.0,363.65,22,93,0
12916.0,3006.15,107,1119,0
12917.0,594.0,2,120,0
12919.0,1335.19,50,673,0
12920.0,164.23,28,129,0
12921.0,16587.09,720,9526,3
12922.0,405.38,28,370,0
12923.0,176.97,29,69,0
12924.0,933.7,30,481,0
12925.0,694.05,45,541,0
12928.0,2062.7000000000003,84,1472,0
12929.0,117.85,8,37,0
12930.0,415.8,25,252,0
12931.0,42055.96,82,28004,3
12933.0,607.53,106,499,0
12935.0,2160.7,129,1853,0
12936.0,1063.9,62,559,0
12937.0,1504.27,120,1007,0
12938.0,114.14,9,140,0
12939.0,11581.8,47,4876,0
12940.0,913.54,99,411,0
12942.0,683.9,75,203,0
12944.0,604.51,30,289,0
12945.0,462.95,23,165,0
12947.0,1603.99,97,1165,0
12948.0,2064.95,116,1080,0
12949.0,4167.22,215,2381,0
12950.0,1843.0,23,1380,0
12951.0,1064.07,63,503,0
12952.0,1387.79,79,653,0
12953.0,329.85,17,84,0
12955.0,4757.16,180,3664,0
12956.0,108.07,19,34,0
12957.0,4017.54,238,2549,0
12962.0,266.39,16,129,0
12963.0,1856.63,95,881,0
12965.0,771.91,109,283,0
12966.0,160.18,10,75,0
12967.0,1660.9,19,438,0
12968.0,135.95,5,73,0
12970.0,452.24,151,310,0
12971.0,11189.91,305,9289,3
12974.0,144.8,8,24,0
12976.0,738.6,22,561,0
12977.0,39.239999999999995,9,12,0
12980.0,7374.900000000001,20,886,0
12981.0,372.21999999999997,20,242,0
12982.0,390.54,28,288,0
12984.0,97.5,4,26,0
12985.0,1239.38,76,1533,0
12987.0,558.7,28,219,0
12988.0,535.32,92,136,0
12989.0,6924.110000000001,64,2943,0
12990.0,409.5,13,200,0
12991.0,503.76,31,405,0
12993.0,414.76,27,240,0
12994.0,974.4200000000001,61,459,0
12995.0,211.32,3,108,0
12997.0,1226.89,59,664,0
12999.0,455.88,28,342,0
13000.0,534.85,31,379,0
13001.0,9818.82,339,5505,3
13002.0,120.94999999999999,7,73,0
13003.0,149.05,6,103,0
13004.0,5655.91,404,4822,3
13005.0,513.7,26,172,0
13006.0,81.57,4,55,0
13008.0,229.46999999999997,14,175,0
13011.0,50.550000000000004,3,13,0
13012.0,1661.8400000000001,89,824,0
13013.0,4810.9400000000005,219,2224,0
13014.0,3466.2799999999997,109,905,0
13015.0,3346.28,176,1617,0
13016.0,789.89,47,527,0
13017.0,204.0,1,48,0
13018.0,7277.7,458,5435,3
13021.0,2616.38,131,1352,0
13023.0,689.9,40,286,0
13026.0,975.36,40,1620,0
13027.0,6912.0,26,17280,3
13028.0,661.3199999999999,45,798,0
13029.0,1247.5,10,134,0
13030.0,799.48,99,394,0
13032.0,1010.18,71,375,0
13033.0,190.55,11,83,0
13034.0,642.77,37,369,0
13035.0,921.88,27,644,0
13037.0,881.07,48,431,0
13038.0,908.46,28,360,0
13040.0,676.99,43,355,0
13043.0,516.42,13,254,0
13044.0,560.47,33,429,0
13045.0,305.28000000000003,18,221,0
13046.0,629.31,35,264,0
13047.0,3237.54,172,1391,0
13048.0,1835.91,136,1238,0
13049.0,656.6800000000001,14,268,0
13050.0,5836.86,403,3748,3
13052.0,348.15000000000003,18,222,0
13055.0,1214.41,76,894,0
13058.0,271.40000000000003,8,52,0
13059.0,183.4,8,35,0
13060.0,307.53,15,123,0
13061.0,248.61,10,107,0
13062.0,346.98,11,343,0
13064.0,1119.49,69,516,0
13065.0,205.86,14,74,0
13066.0,470.8,48,322,0
13067.0,115.46000000000001,15,32,0
13068.0,344.0,2,200,0
13069.0,4436.12,425,5885,3
13070.0,228.8,9,110,0
13072.0,177.15,7,69,0
13075.0,919.61,22,485,0
13077.0,729.27,112,863,0
13078.0,12627.94,358,5630,3
13079.0,220.10000000000002,6,62,0
13080.0,58.08,6,120,0
13081.0,28337.38,1024,19068,3
13082.0,3613.63,73,4324,0
13083.0,303.75,18,187,0
13085.0,416.08000000000004,22,216,0
13089.0,58825.83,1818,31070,2
13090.0,8910.82,155,2263,0
13091.0,345.82,21,466,0
13092.0,477.83,25,279,0
13093.0,7832.47,159,3961,0
13094.0,1927.3200000000002,24,1716,0
13095.0,74.39999999999999,6,144,0
13097.0,6010.42,423,2363,3
13098.0,28882.44,572,15968,3
13099.0,207.35999999999999,1,288,0
13101.0,101.19,8,113,0
13102.0,6424.09,304,4204,3
13103.0,243.94,8,82,0
13104.0,1098.48,20,504,0
13106.0,76.5,1,18,0
13107.0,1531.6200000000001,58,1293,0
13108.0,350.06,10,298,0
13109.0,786.54,47,520,0
13110.0,1488.67,145,388,0
13113.0,12245.960000000001,200,3045,3
13115.0,2294.78,120,1567,0
13116.0,501.14,30,291,0
13117.0,984.91,76,945,0
13118.0,1197.81,79,410,0
13120.0,30.599999999999998,1,12,0
13121.0,283.73,50,252,0
13122.0,922.39,55,585,0
13124.0,3866.33,235,2147,0
13126.0,2099.64,140,2143,0
13127.0,259.17,15,127,0
13130.0,64.0,2,32,0
13131.0,1073.3,44,447,0
13132.0,77.3,3,20,0
13133.0,109.8,7,32,0
13134.0,1793.58,98,1059,0
13135.0,3096.0,1,4300,0
13136.0,2607.61,127,1328,0
13137.0,3650.41,704,2226,3
13138.0,962.39,63,473,0
13139.0,5064.94,170,2425,0
13140.0,423.72,46,186,0
13141.0,2388.75,135,1548,0
13142.0,307.09,23,258,0
13144.0,110.95,3,21,0
13145.0,618.52,6,145,0
13146.0,228.91,17,154,0
13147.0,712.8000000000001,4,144,0
13148.0,3707.12,319,1975,3
13149.0,1676.06,86,1280,0
13151.0,1257.8700000000001,74,363,0
13153.0,486.22,15,418,0
13155.0,971.76,85,497,0
13157.0,1741.22,87,1439,0
13158.0,1201.06,79,784,0
13159.0,1437.85,121,1059,0
13160.0,91.8,4,56,0
13161.0,112.75,8,29,0
13162.0,1688.29,79,1713,0
13165.0,1021.48,42,1376,0
13166.0,417.2,41,216,0
13167.0,791.33,65,785,0
13168.0,1319.19,131,682,0
13169.0,712.88,13,272,0
13170.0,116.00999999999999,32,147,0
13171.0,468.41,46,229,0
13173.0,353.65,43,277,0
13174.0,2817.03,314,1395,3
13176.0,492.84,72,453,0
13177.0,282.45,17,91,0
13178.0,5725.47,265,3570,3
13182.0,121.18,11,201,0
13183.0,3957.78,94,2208,0
13184.0,1701.29,181,1692,0
13185.0,71.4,1,12,0
13186.0,1575.89,79,820,0
13187.0,236.02,37,95,0
13188.0,114.60000000000001,2,25,0
13189.0,260.68,29,842,0
13192.0,911.94,63,595,0
13193.0,117.88,29,50,0
13194.0,60.7,3,26,0
13196.0,1797.78,110,1224,0
13198.0,3401.2400000000002,226,2648,0
13199.0,9817.12,119,6176,3
13200.0,870.09,46,516,0
13203.0,869.46,57,800,0
13207.0,250.26000000000002,8,130,0
13208.0,1223.9,149,804,0
13209.0,5891.61,321,4253,3
13210.0,353.48,22,316,0
13211.0,1197.42,56,874,0
13212.0,788.08,142,310,0
13213.0,1520.58,90,1360,0
13216.0,333.74,5,297,0
13217.0,533.98,4,262,0
13218.0,62.63999999999999,5,88,0
13220.0,819.2900000000001,21,196,0
13221.0,847.41,66,244,0
13223.0,163.20000000000002,5,88,0
13224.0,2155.95,108,1518,0
13225.0,6463.84,32,3416,0
13226.0,108.21000000000001,16,80,0
13227.0,257.7,9,99,0
13228.0,358.0,2,200,0
13229.0,160.95,10,63,0
13230.0,2806.97,611,1665,3
13232.0,1357.6,207,778,0
13233.0,605.12,43,1004,0
13235.0,1031.07,58,441,0
13236.0,744.85,36,416,0
13238.0,700.73,31,298,0
13239.0,329.56,21,327,0
13240.0,663.65,67,298,0
13242.0,270.40000000000003,13,130,0
13243.0,600.07,58,233,0
13244.0,121.74000000000001,27,38,0
13245.0,430.5,16,125,0
13246.0,1987.3,141,1602,0
13247.0,501.12,25,328,0
13248.0,465.68,26,305,0
13249.0,711.41,23,546,0
13253.0,1030.4,36,1572,0
13255.0,399.51,13,177,0
13258.0,698.58,38,287,0
13259.0,292.32,87,132,0
13260.0,557.62,8,142,0
13261.0,944.1,9,210,0
13262.0,200.29,11,125,0
13263.0,7454.07,1677,4780,3
13265.0,2107.66,91,1752,0
13266.0,3834.2599999999998,187,4428,0
13267.0,4521.49,211,1969,0
13268.0,3214.69,440,3658,3
13269.0,5346.2300000000005,316,3514,3
13270.0,590.0,1,200,0
13271.0,217.38,96,253,0
13272.0,276.56,15,96,0
13273.0,138.98,16,153,0
13276.0,590.9300000000001,30,161,0
13277.0,258.4,8,176,0
13278.0,542.73,46,537,0
13279.0,137.75,9,73,0
13280.0,814.86,85,522,0
13282.0,1132.14,37,307,0
13283.0,93.66,7,90,0
13284.0,201.19,13,91,0
13285.0,2709.12,187,2051,0
13291.0,361.11,42,233,0
13292.0,578.9399999999999,31,347,0
13294.0,873.74,54,453,0
13295.0,201.20000000000002,10,82,0
13296.0,87.4,5,78,0
13297.0,2089.85,59,963,0
13298.0,360.0,2,96,0
13299.0,142.5,5,30,0
13300.0,371.89,20,203,0
13301.0,618.09,81,345,0
13302.0,63.75,1,5,0
13304.0,300.42,21,238,0
13305.0,2000.86,81,1232,0
13307.0,15.0,1,4,0
13308.0,1385.51,54,843,0
13309.0,1456.79,107,1544,0
13310.0,1132.03,72,587,0
13311.0,598.57,26,305,0
13313.0,1555.32,78,851,0
13314.0,775.94,62,560,0
13316.0,5977.7300000000005,87,6948,0
13317.0,2273.68,124,1035,0
13318.0,640.76,20,304,0
13319.0,10845.550000000001,476,4724,3
13320.0,1548.7,106,1096,0
13321.0,567.36,11,372,0
13322.0,199.48000000000002,25,117,0
13323.0,787.85,21,175,0
13324.0,7121.95,75,5205,0
13325.0,675.3,12,240,0
13327.0,3627.77,108,1600,0
13328.0,1308.48,17,680,0
13329.0,789.0,17,463,0
13330.0,1140.93,53,751,0
13332.0,350.9,21,179,0
13334.0,3536.82,268,1774,0
13336.0,795.12,51,559,0
13338.0,487.02,19,256,0
13339.0,860.12,54,326,0
13340.0,10736.48,134,5770,3
13341.0,775.85,42,301,0
13343.0,353.43,19,135,0
13344.0,2543.72,119,971,0
13345.0,389.5,20,141,0
13347.0,341.36,8,205,0
13348.0,233.76,14,136,0
13349.0,247.32,16,225,0
13350.0,979.12,40,287,0
13351.0,373.94,16,117,0
13352.0,397.97999999999996,24,321,0
13354.0,743.53,51,604,0
13355.0,674.7,32,314,0
13356.0,768.24,42,325,0
13357.0,609.95,90,322,0
13358.0,439.03,29,285,0
13359.0,439.56,23,161,0
13362.0,3090.7400000000002,166,1382,0
13363.0,992.5,60,710,0
13364.0,134.95999999999998,10,71,0
13365.0,2225.37,128,1247,0
13366.0,56.160000000000004,1,144,0
13368.0,623.4,29,327,0
13369.0,308.28000000000003,14,149,0
13370.0,754.87,39,343,0
13372.0,378.64,23,159,0
13373.0,3312.25,158,1651,0
13375.0,778.65,37,442,0
13376.0,1019.76,53,493,0
13379.0,572.56,97,601,0
13381.0,3639.31,172,2029,0
13382.0,222.99,15,131,0
13384.0,4151.93,152,2422,0
13385.0,534.57,35,281,0
13388.0,677.1,35,282,0
13389.0,797.96,51,429,0
13390.0,544.08,13,224,0
13391.0,59.8,1,4,0
13394.0,2520.02,155,2392,0
13395.0,307.72,21,336,0
13396.0,1360.99,43,600,0
13397.0,1544.13,38,430,0
13398.0,457.34,26,281,0
13402.0,621.23,39,479,0
13403.0,75.0,3,44,0
13404.0,252.49,11,111,0
13405.0,572.451,27,165,0
13408.0,28117.04,478,16232,3
13410.0,1003.06,28,518,0
13411.0,213.55,18,72,0
13414.0,1390.5,24,1574,0
13416.0,712.5,19,142,0
13417.0,640.83,28,162,0
13418.0,6127.43,304,3918,3
13419.0,221.06,16,275,0
13420.0,159.85,8,101,0
13421.0,1851.08,104,1181,0
13422.0,2626.3,127,1326,0
13425.0,1624.21,78,1123,0
13426.0,3641.32,157,2245,0
13427.0,582.6,29,545,0
13428.0,218.47,74,156,0
13429.0,1006.8,67,1390,0
13430.0,679.45,49,751,0
13431.0,1269.1,46,672,0
13434.0,534.24,10,300,0
13435.0,3809.8900000000003,101,2129,0
13436.0,196.89,12,76,0
13437.0,3408.06,167,1283,0
13439.0,283.71,54,242,0
13441.0,296.64,13,204,0
13447.0,1129.14,59,584,0
13448.0,3539.37,195,1660,0
13449.0,291.88,19,222,0
13450.0,2043.7199999999998,71,1982,0
13451.0,2976.15,443,2149,3
13452.0,590.0,2,2,0
13453.0,356.97999999999996,17,134,0
13455.0,1058.34,46,354,0
13456.0,1766.72,63,765,0
13458.0,9646.57,382,5508,3
13460.0,183.44,17,286,0
13461.0,1445.0,27,1170,0
13462.0,151.5,9,62,0
13464.0,674.68,41,403,0
13466.0,307.9,17,259,0
13467.0,1083.71,99,584,0
13468.0,5704.97,302,2589,3
13470.0,165.0,10,100,0
13471.0,2531.58,260,1590,0
13473.0,422.64,21,266,0
13474.0,229.59,64,132,0
13475.0,1431.78,86,1012,0
13476.0,1238.47,58,417,0
13477.0,1454.58,79,1021,0
13479.0,300.95,15,134,0
13481.0,1804.56,109,1142,0
13482.0,184.64,11,116,0
13483.0,140.34,10,160,0
13484.0,313.8,8,44,0
13485.0,454.24,23,277,0
13486.0,1122.41,69,669,0
13487.0,575.4,34,265,0
13488.0,8968.31,422,4518,3
13489.0,449.52,14,560,0
13491.0,1215.82,86,903,0
13492.0,1269.84,50,408,0
13493.0,618.63,8,380,0
13494.0,316.26000000000005,18,162,0
13495.0,2044.8700000000001,48,829,0
13496.0,653.33,35,341,0
13497.0,348.05,19,163,0
13499.0,1159.11,42,1365,0
13500.0,1166.77,65,609,0
13501.0,1340.32,52,560,0
13502.0,292.0,18,264,0
13503.0,216.85,17,248,0
13504.0,295.93,22,178,0
13505.0,4393.63,215,2486,0
13506.0,458.52,26,324,0
13507.0,2479.16,162,1597,0
13508.0,110.97,12,24,0
13509.0,979.72,44,1106,0
13510.0,1791.56,115,1386,0
13512.0,251.21,15,143,0
13513.0,205.1,10,109,0
13514.0,152.20000000000002,4,40,0
13515.0,891.12,59,681,0
13516.0,1389.41,44,985,0
13517.0,2128.42,141,1369,0
13518.0,659.4399999999999,38,392,0
13519.0,122.75,8,23,0
13520.0,3624.35,93,1649,0
13521.0,1093.65,436,736,3
13522.0,125.80000000000001,5,44,0
13523.0,3964.88,172,1752,0
13524.0,680.1800000000001,27,324,0
13525.0,628.78,6,394,0
13527.0,2287.51,223,1692,0
13529.0,307.76,15,74,0
13531.0,483.8,22,174,0
13532.0,210.31,66,129,0
13533.0,270.79,76,204,0
13534.0,5870.08,296,2961,3
13536.0,3448.29,179,2136,0
13538.0,1280.85,25,175,0
13539.0,631.34,37,320,0
13544.0,291.41,87,127,0
13546.0,626.99,98,359,0
13548.0,682.41,124,441,0
13549.0,918.2,51,458,0
13551.0,91.80000000000001,4,12,0
13552.0,3740.07,109,1417,0
13555.0,4149.28,136,2660,0
13557.0,584.06,34,546,0
13558.0,605.06,175,344,0
13560.0,174.37,33,64,0
13561.0,141.85999999999999,14,83,0
13562.0,1799.33,82,757,0
13563.0,777.53,49,209,0
13564.0,1749.02,83,661,0
13565.0,240.22,38,172,0
13566.0,874.71,176,575,0
13568.0,192.85,44,70,0
13569.0,373.75,85,164,0
13570.0,239.49,27,161,0
13571.0,2092.32,341,1759,3
13572.0,1384.25,33,534,0
13573.0,294.4,26,303,0
13575.0,732.0699999999999,46,449,0
13576.0,6717.34,126,2646,0
13577.0,1687.6000000000001,83,791,0
13579.0,467.04,23,176,0
13581.0,118.0,10,30,0
13583.0,781.03,53,725,0
13584.0,142.4,24,37,0
13587.0,712.4,8,180,0
13588.0,2478.95,174,2606,0
13589.0,379.65,21,114,0
13590.0,1981.92,87,1848,0
13591.0,1117.13,58,485,0
13592.0,247.95999999999998,16,84,0
13593.0,2037.0800000000002,128,731,0
13594.0,396.97,26,359,0
13596.0,697.04,166,406,0
13598.0,180.17000000000002,40,58,0
13599.0,5153.67,247,3294,3
13600.0,219.52,19,324,0
13601.0,693.32,99,548,0
13602.0,428.89,23,267,0
13603.0,164.34,27,164,0
13606.0,280.53999999999996,43,279,0
13607.0,678.01,98,290,0
13610.0,1131.88,226,516,0
13611.0,1171.8,74,766,0
13614.0,1610.46,201,570,0
13615.0,417.69,23,189,0
13617.0,544.18,44,300,0
13618.0,177.34,13,246,0
13621.0,213.85,19,343,0
13623.0,747.78,81,294,0
13626.0,257.23,19,209,0
13627.0,1638.47,92,1269,0
13629.0,7792.36,59,4372,0
13630.0,2031.78,71,1391,0
13631.0,3070.42,11,467,0
13632.0,2121.27,146,1037,0
13634.0,1575.16,188,704,0
13635.0,1071.03,62,677,0
13636.0,949.12,63,592,0
13637.0,810.5,101,409,0
13638.0,122.64,8,93,0
13639.0,1033.34,40,800,0
13642.0,354.8,66,173,0
13643.0,519.44,28,273,0
13644.0,2624.26,146,2067,0
13645.0,252.1,5,158,0
13647.0,1678.1200000000001,79,895,0
13649.0,346.6,23,139,0
13650.0,1836.34,96,922,0
13651.0,94.2,6,33,0
13652.0,1095.08,63,578,0
13654.0,2707.33,166,2182,0
13655.0,932.97,56,605,0
13656.0,379.65,49,490,0
13657.0,382.14,16,209,0
13658.0,2639.17,108,1019,0
13659.0,1573.2,104,894,0
13662.0,897.76,53,543,0
13663.0,189.47,13,91,0
13666.0,84.65,12,41,0
13667.0,305.02,87,154,0
13668.0,6363.59,470,3742,3
13669.0,218.55,9,237,0
13670.0,349.7,25,282,0
13672.0,186.39000000000001,6,57,0
13673.0,396.92,65,119,0
13675.0,486.82000000000005,25,330,0
13678.0,232.6,16,924,0
13680.0,3722.42,195,1936,0
13681.0,827.83,57,360,0
13682.0,59.5,3,10,0
13684.0,67.23,30,39,0
13685.0,3119.44,39,5056,0
13686.0,72.0,8,70,0
13689.0,910.0,6,512,0
13690.0,172.25,9,67,0
13692.0,1488.32,53,1226,0
13694.0,65039.62,568,63312,2
13695.0,2504.13,90,1603,0
13697.0,151.29999999999998,12,177,0
13699.0,308.58000000000004,14,66,0
13700.0,2265.12,197,2304,0
13703.0,99.5,1,10,0
13704.0,2308.06,134,1531,0
13705.0,711.86,28,363,0
13706.0,330.79,20,189,0
13707.0,806.41,48,351,0
13708.0,296.88,51,306,0
13709.0,6328.05,336,3516,3
13710.0,180.48,8,176,0
13711.0,252.06,13,140,0
13712.0,228.84,10,352,0
13715.0,1079.34,105,563,0
13716.0,138.28,21,138,0
13717.0,1445.01,102,1959,0
13718.0,306.55,12,173,0
13719.0,1041.68,60,609,0
13720.0,799.9,43,501,0
13721.0,524.14,28,316,0
13722.0,2375.41,85,1401,0
13723.0,199.85000000000002,6,43,0
13725.0,1980.56,104,806,0
13726.0,1079.6599999999999,42,1054,0
13727.0,333.48,20,162,0
13728.0,1016.14,63,458,0
13730.0,752.6,43,488,0
13731.0,610.59,38,278,0
13732.0,491.86,33,498,0
13735.0,2885.2400000000002,196,1130,0
13736.0,731.9,191,497,0
13737.0,339.59999999999997,30,125,0
13739.0,216.9,3,54,0
13740.0,350.75,23,425,0
13741.0,668.4300000000001,34,218,0
13742.0,3131.02,321,1124,3
13743.0,1341.6,41,1776,0
13744.0,1156.36,72,1249,0
13745.0,300.04,25,496,0
13747.0,79.6,1,8,0
13748.0,948.25,28,439,0
13750.0,1647.26,24,516,0
13751.0,296.25,9,152,0
13752.0,1186.28,76,876,0
13753.0,741.26,35,512,0
13754.0,282.59999999999997,12,214,0
13755.0,2161.35,342,1264,3
13756.0,5189.52,142,3188,0
13758.0,3190.55,117,1844,0
13759.0,659.4100000000001,25,287,0
13760.0,286.79,57,197,0
13761.0,1070.65,70,642,0
13762.0,306.72,7,272,0
13763.0,1714.96,15,728,0
13764.0,1521.76,208,932,0
13767.0,17220.36,368,7322,3
13769.0,2796.51,135,1163,0
13771.0,2634.45,119,1477,0
13772.0,1132.13,177,546,0
13774.0,345.0,22,192,0
13777.0,25977.16,197,12897,3
13778.0,178.7,9,70,0
13780.0,360.01,57,318,0
13781.0,127.84,17,30,0
13782.0,912.0,115,371,0
13784.0,2462.79,31,2493,0
13786.0,230.39999999999998,7,136,0
13787.0,309.04,31,337,0
13790.0,348.8,45,748,0
13791.0,1516.0,11,1200,0
13792.0,195.55,13,92,0
13798.0,37153.85,349,23948,3
13799.0,688.86,39,402,0
13800.0,558.32,33,331,0
13801.0,324.8,23,168,0
13802.0,4599.42,60,2572,0
13803.0,277.07,17,121,0
13804.0,2635.79,137,1498,0
13805.0,924.6,13,1900,0
13806.0,256.38,10,56,0
13807.0,112.6,7,36,0
13808.0,1747.66,76,782,0
13809.0,155.05,12,29,0
13810.0,1499.01,35,312,0
13811.0,814.5,13,68,0
13812.0,539.0,36,333,0
13813.0,1366.8600000000001,69,552,0
13814.0,1579.12,57,864,0
13815.0,4027.36,176,2560,0
13816.0,571.6700000000001,28,269,0
13817.0,382.98,24,211,0
13819.0,1140.35,36,1109,0
13821.0,385.64,59,153,0
13822.0,632.0,96,611,0
13823.0,957.66,40,439,0
13824.0,1698.94,46,768,0
13826.0,189.5,10,82,0
13827.0,412.05,93,141,0
13828.0,209.49,15,311,0
13831.0,2202.99,74,745,0
13832.0,52.199999999999996,3,28,0
13833.0,384.8,29,118,0
13835.0,834.57,55,442,0
13837.0,271.24,19,183,0
13838.0,691.73,174,263,0
13841.0,85.0,1,100,0
13842.0,3385.62,206,1768,0
13844.0,361.62,20,196,0
13845.0,312.98,9,182,0
13846.0,865.0600000000001,55,388,0
13848.0,1255.0,5,3700,0
13849.0,1537.95,101,1016,0
13850.0,1595.48,93,944,0
13851.0,2651.46,81,1705,0
13853.0,1090.14,23,312,0
13854.0,8109.5199999999995,110,2296,0
13856.0,388.5,14,494,0
13858.0,216.17,11,75,0
13859.0,201.16,28,129,0
13860.0,1245.9,76,591,0
13862.0,2209.36,139,1688,0
13863.0,305.78,20,224,0
13865.0,501.56,30,204,0
13866.0,145.67000000000002,7,57,0
13867.0,1015.29,61,513,0
13868.0,3192.54,33,1964,0
13869.0,3104.95,307,1721,3
13870.0,2770.94,115,1325,0
13871.0,6403.25,336,2806,3
13873.0,389.6,23,140,0
13874.0,540.45,18,180,0
13875.0,1786.79,104,1316,0
13876.0,122.7,7,36,0
13877.0,117.24,3,108,0
13878.0,1281.53,36,475,0
13880.0,3219.77,165,1842,0
13881.0,17159.52,178,10118,3
13882.0,1191.13,65,953,0
13883.0,2674.48,142,1436,0
13884.0,787.6,59,300,0
13885.0,506.8,28,182,0
13886.0,243.56,16,126,0
13887.0,349.55,19,147,0
13888.0,605.63,40,258,0
13889.0,416.90000000000003,15,146,0
13890.0,1883.8100000000002,110,831,0
13892.0,632.97,27,983,0
13893.0,821.1,21,190,0
13894.0,564.62,27,354,0
13895.0,2593.07,118,1365,0
13897.0,311.16,17,200,0
13898.0,155.93,12,133,0
13899.0,388.52,19,156,0
13900.0,740.95,43,430,0
13901.0,2867.2,149,1739,0
13904.0,332.64,26,332,0
13908.0,2369.55,122,1478,0
13911.0,2580.91,148,2731,0
13914.0,626.45,33,380,0
13917.0,272.04,18,228,0
13918.0,1212.8400000000001,30,1140,0
13919.0,384.81,28,474,0
13922.0,172.25,7,93,0
13923.0,351.13,20,185,0
13924.0,1838.8500000000001,117,1575,0
13925.0,678.25,41,331,0
13926.0,223.85000000000002,11,104,0
13927.0,348.99,21,214,0
13928.0,464.57,27,129,0
13929.0,842.65,9,143,0
13930.0,337.34,17,274,0
13931.0,1237.53,58,725,0
13932.0,307.4,16,72,0
13933.0,608.7900000000001,23,205,0
13934.0,922.1,31,390,0
13936.0,376.58,26,330,0
13937.0,158.85,9,123,0
13938.0,71.66,7,70,0
13939.0,568.55,45,847,0
13940.0,839.14,49,516,0
13941.0,5112.96,45,2364,0
13946.0,561.5699999999999,11,443,0
13947.0,90.6,5,44,0
13948.0,102.0,3,40,0
13949.0,2427.32,160,2474,0
13950.0,745.06,35,323,0
13951.0,674.45,39,459,0
13952.0,3251.071,137,1431,0
13953.0,3515.68,20,2724,0
13954.0,439.92,25,150,0
13955.0,322.96,33,154,0
13956.0,1026.42,152,491,0
13959.0,598.2,92,357,0
13960.0,230.22,12,142,0
13962.0,169.55,11,87,0
13963.0,664.54,35,460,0
13967.0,80.7,2,42,0
13969.0,9053.94,626,4542,3
13971.0,2758.26,149,1844,0
13972.0,190.25,15,187,0
13973.0,264.7,11,109,0
13974.0,413.59000000000003,28,249,0
13975.0,2526.28,338,1732,3
13976.0,357.98,10,154,0
13978.0,196.79000000000002,15,315,0
13979.0,869.87,54,639,0
13980.0,200.14,11,172,0
13982.0,1871.81,111,1136,0
13983.0,2603.43,107,1183,0
13984.0,920.51,16,679,0
13985.0,7060.13,349,3445,3
13986.0,320.46,13,430,0
13988.0,4147.96,234,3044,0
13989.0,1266.08,41,1313,0
13990.0,311.3,16,190,0
13991.0,855.97,84,998,0
13992.0,76.8,5,64,0
13993.0,3466.36,121,900,0
13994.0,2313.14,155,940,0
13995.0,1393.69,86,879,0
13999.0,3901.81,208,2243,0
14000.0,635.66,15,710,0
14001.0,2043.0800000000002,39,962,0
14002.0,529.73,47,877,0
14004.0,4582.64,171,2668,0
14005.0,2874.72,84,2478,0
14006.0,962.19,30,641,0
14009.0,695.61,42,365,0
14012.0,328.8,11,160,0
14013.0,473.02,34,462,0
14014.0,505.18,39,1076,0
14015.0,917.34,20,378,0
14016.0,4341.21,161,2125,0
14019.0,1421.61,66,1037,0
14020.0,642.8,39,441,0
14021.0,631.9,22,192,0
14022.0,440.0,28,487,0
14023.0,584.07,31,345,0
14024.0,327.7,16,150,0
14027.0,104.82,6,62,0
14029.0,467.66,15,198,0
14030.0,2360.09,243,1479,0
14031.0,17286.86,250,5788,3
14032.0,2975.59,143,2032,0
14034.0,651.8199999999999,89,423,0
14035.0,1428.02,66,739,0
14036.0,626.65,38,268,0
14037.0,147.20000000000002,28,46,0
14038.0,1560.38,92,965,0
14039.0,152.2,6,92,0
14040.0,3614.92,235,1554,0
14041.0,141.41,21,94,0
14044.0,652.82,209,308,0
14045.0,1659.75,6,535,0
14046.0,154.99,14,460,0
14047.0,1308.6100000000001,32,381,0
14048.0,409.93,85,288,0
14049.0,5681.72,488,3870,3
14050.0,746.36,54,689,0
14051.0,15610.390000000001,210,3756,3
14052.0,225.36,56,89,0
14053.0,260.25,4,215,0
14054.0,92.46,6,62,0
14055.0,725.6400000000001,10,216,0
14056.0,8214.65,1106,4273,3
14057.0,6217.96,284,4876,3
14059.0,183.6,8,128,0
14060.0,6140.42,202,5386,3
14062.0,10464.85,111,5593,3
14064.0,1353.74,80,1788,0
14066.0,152.55,7,45,0
14067.0,374.7,52,361,0
14068.0,265.85,24,73,0
14071.0,1438.82,324,995,0
14073.0,151.04,13,130,0
14075.0,942.26,43,754,0
14076.0,122.47,46,81,0
14077.0,499.41999999999996,42,268,0
14078.0,1049.37,65,310,0
14079.0,375.1,12,301,0
14080.0,45.599999999999994,4,48,0
14081.0,934.52,153,596,0
14082.0,182.25,29,110,0
14083.0,1018.43,181,732,0
14085.0,4448.54,450,3184,3
14087.0,194.42,69,251,0
14088.0,50491.81,589,12665,3
14089.0,161.0,14,134,0
14090.0,76.32000000000001,1,72,0
14092.0,4076.91,214,2066,0
14093.0,442.85,105,406,0
14096.0,65164.79,5111,16352,2
14098.0,147.35,21,104,0
14099.0,3104.17,250,2179,0
14100.0,194.9,26,64,0
14101.0,5976.79,35,6942,0
14102.0,1360.28,79,961,0
14104.0,216.20999999999998,21,72,0
14105.0,1266.23,74,800,0
14107.0,2703.23,123,1793,0
14108.0,597.91,34,381,0
14109.0,144.2,9,88,0
14110.0,5683.15,155,2445,0
14111.0,692.85,10,458,0
14112.0,2915.15,160,1651,0
14113.0,1840.42,34,745,0
14114.0,386.53,15,101,0
14116.0,1382.74,72,707,0
14117.0,90.0,3,72,0
14121.0,2780.15,159,2082,0
14124.0,419.58000000000004,5,1618,0
14125.0,2740.43,167,1640,0
14126.0,706.1300000000001,15,508,0
14127.0,709.71,44,321,0
14128.0,637.5,46,564,0
14129.0,1123.8600000000001,52,592,0
14130.0,483.86,67,258,0
14132.0,3586.0299999999997,200,3368,0
14133.0,605.64,28,348,0
14135.0,4690.31,134,3850,0
14138.0,982.3800000000001,47,610,0
14139.0,415.82,26,510,0
14140.0,935.05,66,811,0
14141.0,915.13,40,355,0
14142.0,311.81,22,313,0
14143.0,115.8,7,30,0
14145.0,3742.2,11,756,0
14146.0,4191.0,210,2437,0
14147.0,483.4,5,108,0
14148.0,157.2,3,16,0
14149.0,446.62,28,218,0
14150.0,658.64,26,496,0
14152.0,621.29,49,711,0
14154.0,1345.62,52,465,0
14155.0,118.75,6,25,0
14156.0,117379.63,1400,57885,2
14157.0,432.88,48,284,0
14158.0,507.66,41,781,0
14159.0,4693.01,1204,4408,3
14161.0,1110.52,108,455,0
14162.0,289.36,25,142,0
14163.0,2445.91,52,893,0
14164.0,1631.77,29,1033,0
14165.0,122.53999999999999,25,54,0
14167.0,574.84,52,150,0
14171.0,363.79,58,167,0
14173.0,450.84,29,150,0
14174.0,134.46,26,94,0
14175.0,3222.3,149,1515,0
14176.0,576.9000000000001,31,209,0
14177.0,559.41,42,205,0
14178.0,1620.93,327,1505,3
14179.0,719.78,165,330,0
14180.0,4748.52,240,719,0
14184.0,452.89,24,127,0
14185.0,197.65,3,6,0
14188.0,2054.36,65,1162,0
14189.0,4654.08,265,3937,3
14191.0,4684.76,259,3662,3
14193.0,853.39,42,445,0
14194.0,11349.52,579,5840,3
14195.0,1012.0,7,760,0
14196.0,335.52,6,142,0
14198.0,701.4,39,290,0
14199.0,185.39999999999998,2,28,0
14201.0,747.44,37,590,0
14204.0,161.03,44,82,0
14205.0,466.7,24,204,0
14206.0,328.15999999999997,20,276,0
14208.0,151.74,10,114,0
14209.0,2073.43,87,691,0
14210.0,1905.8400000000001,102,760,0
14211.0,2241.1,112,1242,0
14212.0,1070.48,9,1152,0
14214.0,1004.38,67,751,0
14215.0,1789.72,108,1358,0
14216.0,1839.3,59,594,0
14217.0,2004.98,100,689,0
14218.0,169.48000000000002,12,160,0
14219.0,89.94,7,78,0
14220.0,632.4,21,272,0
14221.0,3432.8,193,2191,0
14222.0,683.17,41,607,0
14223.0,991.13,60,585,0
14224.0,1050.12,118,514,0
14226.0,2232.19,67,1308,0
14227.0,3350.96,175,1820,0
14229.0,1547.2,40,610,0
14231.0,925.71,50,409,0
14232.0,2048.07,115,1941,0
14233.0,1462.72,35,680,0
14234.0,775.46,159,963,0
14235.0,3144.86,79,1959,0
14236.0,490.86,15,310,0
14237.0,161.0,9,38,0
14238.0,146.85,8,111,0
14239.0,2380.85,112,993,0
14240.0,890.34,42,418,0
14241.0,213.70000000000002,10,146,0
14242.0,280.55,16,123,0
14243.0,2588.77,141,1221,0
14245.0,1693.45,108,976,0
14246.0,1474.06,75,804,0
14247.0,136.76999999999998,20,47,0
14248.0,302.58,8,102,0
14250.0,1904.05,111,1200,0
14251.0,2879.7000000000003,78,1674,0
14256.0,969.0600000000001,53,414,0
14257.0,3099.7200000000003,106,1682,0
14258.0,12669.98,111,7100,3
14259.0,120.0,5,68,0
14261.0,1163.45,52,406,0
14262.0,2618.23,143,1645,0
14264.0,333.97,17,70,0
14265.0,530.18,31,330,0
14267.0,1516.24,55,530,0
14270.0,492.65000000000003,29,197,0
14271.0,112.32,10,88,0
14272.0,437.96,33,599,0
14273.0,559.97,29,264,0
14276.0,1119.74,64,744,0
14277.0,4216.2,225,1984,0
14280.0,134.04,8,52,0
14282.0,3729.34,156,2668,0
14284.0,595.25,32,161,0
14285.0,1910.01,27,541,0
14286.0,4628.75,280,4338,3
14287.0,176.63,9,261,0
14288.0,426.6,16,188,0
14289.0,911.26,47,292,0
14290.0,2314.65,101,915,0
14291.0,3883.25,237,2749,0
14292.0,4871.93,100,1663,0
14293.0,1046.56,61,709,0
14295.0,166.20000000000002,5,84,0
14297.0,1305.33,62,865,0
14298.0,51527.3,1637,58343,2
14299.0,3965.62,143,2149,0
14300.0,43.2,3,32,0
14301.0,640.14,13,606,0
14304.0,383.45,17,139,0
14305.0,1858.96,105,1089,0
14306.0,2093.32,33,1075,0
14307.0,2995.72,180,2058,0
14309.0,2352.53,117,1633,0
14311.0,310.26,20,146,0
14312.0,1611.59,87,1012,0
14314.0,120.0,8,296,0
14315.0,2481.13,101,1021,0
14317.0,508.58000000000004,24,255,0
14320.0,477.79,31,325,0
14321.0,1530.75,123,2406,0
14323.0,605.0600000000001,36,350,0
14326.0,183.85,8,103,0
14327.0,311.65,12,139,0
14329.0,5014.84,259,3095,3
14331.0,462.65999999999997,28,252,0
14332.0,866.31,26,481,0
14333.0,415.2,15,58,0
14334.0,2552.21,162,1731,0
14335.0,468.26,63,379,0
14336.0,1614.91,90,1759,0
14338.0,588.22,31,335,0
14339.0,309.52,14,168,0
14340.0,134.7,6,58,0
14341.0,2182.28,129,1403,0
14342.0,668.5600000000001,21,347,0
14344.0,889.9300000000001,71,477,0
14345.0,108.97999999999999,6,50,0
14346.0,1021.58,60,605,0
14348.0,409.57,18,183,0
14349.0,133.5,31,86,0
14350.0,282.93,18,183,0
14351.0,51.0,1,12,0
14352.0,1078.96,47,538,0
14353.0,90.6,6,64,0
14354.0,163.62,9,210,0
14355.0,174.4,11,92,0
14356.0,701.23,33,277,0
14357.0,225.77,41,148,0
14359.0,912.18,55,371,0
14360.0,2128.23,118,1151,0
14362.0,161.2,41,100,0
14364.0,3717.35,69,1967,0
14367.0,9261.52,524,4438,3
14368.0,155.0,8,36,0
14371.0,100.5,4,34,0
14373.0,76.55,4,17,0
14375.0,257.68,75,194,0
14377.0,617.05,11,219,0
14379.0,348.1,46,292,0
14381.0,202.68,56,146,0
14382.0,626.0699999999999,131,1237,0
14383.0,1247.69,59,817,0
14385.0,202.11,14,159,0
14386.0,142.4,7,54,0
14387.0,1770.56,140,819,0
14388.0,3212.84,186,1941,0
14389.0,1043.46,45,729,0
14390.0,4652.82,286,2136,3
14393.0,67.95,5,13,0
14395.0,3507.71,350,1693,3
14396.0,487.99,73,225,0
14397.0,2612.96,87,1890,0
14400.0,574.7,25,454,0
14401.0,4051.48,182,4507,0
14403.0,1475.81,20,519,0
14404.0,1474.32,103,839,0
14406.0,156.75,8,77,0
14407.0,2157.73,73,1415,0
14408.0,2606.53,107,1616,0
14409.0,2059.4500000000003,54,1230,0
14410.0,1105.07,193,571,0
14411.0,1063.0,14,196,0
14412.0,770.03,43,786,0
14413.0,122.7,23,68,0
14414.0,1496.98,97,2512,0
14415.0,5900.28,590,3011,3
14416.0,490.22,14,326,0
14418.0,1937.25,124,1711,0
14419.0,1058.06,206,487,0
14420.0,387.52,29,334,0
14421.0,813.11,27,365,0
14422.0,4263.64,222,2906,0
14423.0,265.2,3,120,0
14424.0,322.08,1,48,0
14426.0,4481.67,224,2699,0
14427.0,363.34000000000003,17,228,0
14428.0,1244.83,144,436,0
14431.0,470.36,17,130,0
14432.0,2255.51,382,2070,3
14434.0,1372.8,12,368,0
14436.0,89.06,9,129,0
14437.0,63.0,5,60,0
14438.0,131.9,9,82,0
14439.0,2661.24,32,526,0
14440.0,2357.6800000000003,55,588,0
14441.0,1712.89,51,446,0
14442.0,1589.82,63,482,0
14443.0,1420.2,93,938,0
14446.0,1039.58,293,933,0
14447.0,1163.23,70,571,0
14448.0,375.35,20,104,0
14449.0,907.1,258,757,0
14450.0,483.25,40,241,0
14451.0,662.59,109,389,0
14452.0,264.44,62,119,0
14453.0,119.93,22,49,0
14456.0,3062.4,970,2908,3
14457.0,113.64,4,88,0
14459.0,1837.92,37,760,0
14460.0,434.34,16,881,0
14461.0,2103.06,180,766,0
14462.0,2004.02,240,964,0
14463.0,529.62,6,179,0
14465.0,1058.6200000000001,130,405,0
14466.0,2272.4,72,1006,0
14467.0,598.76,90,278,0
14470.0,461.19,43,193,0
14472.0,1936.84,281,1160,0
14473.0,234.34000000000003,7,88,0
14474.0,547.66,29,140,0
14475.0,925.85,42,447,0
14476.0,215.7,19,132,0
14477.0,1309.6,10,720,0
14479.0,316.25,18,117,0
14480.0,279.05,13,143,0
14481.0,636.51,30,489,0
14482.0,2068.15,144,1646,0
14483.0,137.1,9,97,0
14484.0,321.92,14,210,0
14485.0,165.75,47,71,0
14487.0,1196.33,144,735,0
14488.0,1064.28,46,799,0
14489.0,463.38,30,299,0
14491.0,340.93,17,139,0
14493.0,2383.2400000000002,120,1285,0
14494.0,139.56,7,92,0
14495.0,123.8,6,62,0
14496.0,538.8100000000001,19,159,0
14497.0,475.37,29,235,0
14498.0,1957.32,193,1098,0
14499.0,815.32,194,501,0
14500.0,356.85,7,117,0
14501.0,251.21,10,161,0
14502.0,2470.67,624,1498,3
14503.0,3543.26,164,2004,0
14504.0,673.26,107,308,0
14505.0,5905.64,799,2759,3
14506.0,2012.17,316,730,0
14507.0,1383.18,96,600,0
14508.0,276.42,57,131,0
14511.0,1314.81,68,784,0
14512.0,275.28,23,122,0
14513.0,455.59000000000003,12,361,0
14514.0,1055.35,73,589,0
14515.0,2102.09,101,1134,0
14517.0,330.45,18,91,0
14518.0,174.37,16,278,0
14520.0,270.6,4,146,0
14522.0,974.54,17,525,0
14523.0,241.09,12,251,0
14524.0,1867.68,203,676,0
14525.0,4332.2,291,2696,3
14527.0,8508.82,972,2089,3
14528.0,364.21999999999997,18,278,0
14529.0,620.04,229,348,0
14530.0,2925.91,216,1410,0
14532.0,932.85,64,284,0
14533.0,1949.72,62,4019,0
14534.0,4447.05,519,2047,3
14535.0,2864.19,330,1831,3
14536.0,171.8,19,40,0
14537.0,355.56,10,120,0
14538.0,388.25,19,155,0
14539.0,537.48,32,428,0
14540.0,996.26,76,421,0
14541.0,1461.65,111,647,0
14542.0,103.25,5,19,0
14543.0,3630.33,72,679,0
14544.0,2024.45,114,1543,0
14546.0,2578.09,399,1317,3
14547.0,4007.54,366,2668,3
14548.0,652.8,4,256,0
14549.0,289.24,56,136,0
14550.0,765.62,48,394,0
14551.0,186.23,10,106,0
14552.0,165.07,58,91,0
14553.0,859.27,113,493,0
14554.0,2381.04,216,1478,0
14555.0,324.14,21,130,0
14557.0,788.38,16,510,0
14560.0,2237.77,74,1260,0
14561.0,1080.76,69,1014,0
14562.0,5074.77,423,1834,3
14565.0,3099.12,127,1540,0
14566.0,1432.0,4,800,0
14567.0,1530.3600000000001,33,412,0
14569.0,227.39,12,79,0
14570.0,218.06,29,95,0
14572.0,2832.84,270,1428,0
14573.0,1653.42,235,544,0
14576.0,35.400000000000006,1,12,0
14577.0,859.71,123,353,0
14578.0,168.63,24,240,0
14581.0,138.6,17,217,0
14582.0,114.11,6,73,0
14583.0,1052.55,330,792,0
14584.0,1042.26,100,383,0
14585.0,157.05,29,91,0
14586.0,237.36,19,444,0
14587.0,1601.14,383,761,3
14589.0,39.75,3,5,0
14591.0,1447.14,197,1297,0
14592.0,570.46,164,415,0
14593.0,617.99,152,332,0
14594.0,379.83,53,185,0
14595.0,1740.6,102,978,0
14597.0,883.15,55,577,0
14598.0,221.97,50,189,0
14600.0,393.33000000000004,25,125,0
14601.0,213.96,7,168,0
14603.0,660.0,2,400,0
14606.0,12156.65,2700,6224,3
14607.0,16569.5,86,11766,3
14608.0,1785.15,20,437,0
14609.0,601.56,4,7026,0
14616.0,406.08000000000004,3,104,0
14618.0,553.44,16,264,0
14619.0,394.44,20,152,0
14620.0,412.78000000000003,26,214,0
14621.0,1788.3600000000001,92,993,0
14622.0,320.58000000000004,21,146,0
14623.0,889.25,134,419,0
14624.0,225.85,13,162,0
14625.0,899.63,53,335,0
14626.0,2791.27,122,1403,0
14628.0,671.96,24,272,0
14629.0,959.01,152,380,0
14631.0,1006.98,41,622,0
14632.0,114.56,8,96,0
14633.0,344.90000000000003,20,96,0
14636.0,609.85,28,241,0
14638.0,443.6,16,166,0
14639.0,2984.49,172,1431,0
14640.0,2125.08,106,886,0
14641.0,110.46,7,90,0
14642.0,96.12,2,76,0
14643.0,693.8100000000001,31,815,0
14644.0,830.76,26,258,0
14645.0,597.09,30,381,0
14646.0,280206.02,2076,196915,1
14647.0,243.22,30,95,0
14649.0,1417.29,199,1018,0
14651.0,654.6,102,344,0
14652.0,114.18,29,53,0
14653.0,1947.55,237,950,0
14655.0,1932.23,49,1089,0
14656.0,291.05,80,120,0
14657.0,848.22,126,466,0
14658.0,247.15,29,47,0
14659.0,2529.93,253,1195,0
14660.0,285.74,30,228,0
14661.0,107.95,4,35,0
14662.0,771.17,168,602,0
14664.0,637.89,99,466,0
14665.0,1835.7,90,740,0
14666.0,195.25,14,161,0
14667.0,9241.2,573,5385,3
14669.0,1269.99,170,775,0
14670.0,411.53,132,337,0
14672.0,765.55,61,454,0
14673.0,1736.4,74,1004,0
14675.0,604.75,102,341,0
14676.0,2548.2400000000002,42,2500,0
14680.0,28754.11,258,13476,3
14681.0,498.95,7,76,0
14682.0,52.0,2,80,0
14684.0,1236.28,421,853,3
14687.0,628.38,15,470,0
14688.0,5630.87,327,3621,3
14689.0,112.8,13,76,0
14690.0,371.7,50,170,0
14691.0,2114.33,71,707,0
14692.0,591.55,68,265,0
14693.0,172.9,8,34,0
14696.0,2078.95,130,1630,0
14697.0,188.60999999999999,22,181,0
14698.0,1250.76,210,615,0
14699.0,109.13000000000001,8,77,0
14700.0,2235.3,115,1342,0
14701.0,2549.37,335,932,3
14702.0,3292.14,347,1454,3
14703.0,318.17,22,183,0
14704.0,1546.91,415,1082,3
14705.0,179.0,1,100,0
14708.0,1126.37,28,621,0
14709.0,4921.04,196,2484,0
14710.0,606.13,139,378,0
14711.0,2868.8,357,978,3
14712.0,917.07,25,315,0
14713.0,2666.36,339,1615,3
14714.0,160.19,10,229,0
14715.0,867.38,71,521,0
14716.0,329.68,55,604,0
14719.0,1602.13,237,1032,0
14720.0,663.81,37,219,0
14722.0,187.92000000000002,29,120,0
14723.0,1158.3,278,695,0
14725.0,718.08,52,593,0
14727.0,268.58,10,62,0
14729.0,313.49,71,197,0
14730.0,2005.06,501,1132,3
14731.0,380.02,45,256,0
14732.0,2702.4900000000002,147,1405,0
14733.0,9585.91,202,3764,3
14735.0,6065.69,194,2264,0
14737.0,1164.55,17,345,0
14738.0,1314.45,54,601,0
14739.0,3902.28,60,3820,0
14740.0,1448.21,89,735,0
14741.0,1400.34,59,841,0
14744.0,1099.98,26,627,0
14745.0,1220.26,69,1038,0
14747.0,328.2,18,84,0
14748.0,1415.75,89,1223,0
14752.0,389.64,5,260,0
14753.0,563.15,30,211,0
14754.0,638.05,41,486,0
14755.0,5010.28,235,2219,0
14756.0,738.96,38,416,0
14757.0,420.5,19,160,0
14758.0,1484.06,71,419,0
14759.0,1625.97,102,569,0
14760.0,89.2,5,40,0
14761.0,255.9,11,118,0
14762.0,300.52,21,341,0
14764.0,278.3,6,190,0
14765.0,254.11,39,135,0
14766.0,2473.37,135,1349,0
14768.0,192.60000000000002,5,52,0
14769.0,10674.75,1090,7436,3
14770.0,876.42,52,490,0
14772.0,139.26,9,82,0
14775.0,1011.9,60,1174,0
14776.0,2538.3,117,3134,0
14778.0,730.86,35,306,0
14779.0,386.15,41,84,0
14780.0,447.68,27,310,0
14782.0,200.10000000000002,6,114,0
14784.0,289.99,15,237,0
14785.0,77.4,3,84,0
14788.0,679.4399999999999,30,421,0
14789.0,197.64,6,116,0
14790.0,745.06,46,699,0
14792.0,6.2,2,2,0
14793.0,228.99,14,91,0
14794.0,1319.91,80,673,0
14795.0,131.45000000000002,6,17,0
14796.0,8022.49,1141,6025,3
14798.0,173.74,12,150,0
14799.0,157.7,13,146,0
14800.0,4339.74,385,3655,3
14801.0,193.14,59,175,0
14803.0,845.55,44,370,0
14804.0,353.27,12,121,0
14805.0,554.65,47,115,0
14806.0,193.39000000000001,11,330,0
14808.0,2741.17,235,2147,0
14810.0,2087.88,255,1016,0
14813.0,155.43,30,67,0
14815.0,778.5,53,744,0
14816.0,271.85,4,5,0
14817.0,1110.34,63,655,0
14818.0,657.8,48,324,0
14819.0,272.07,13,109,0
14820.0,507.29,29,253,0
14821.0,48.800000000000004,2,20,0
14823.0,321.43,70,88,0
14824.0,1127.71,29,525,0
14825.0,2226.91,121,991,0
14828.0,2139.76,17,2172,0
14829.0,697.55,42,452,0
14830.0,197.13,40,169,0
14834.0,1720.3,67,734,0
14836.0,102.44999999999999,6,45,0
14837.0,1649.5,108,1436,0
14840.0,62.85,4,31,0
14841.0,3295.76,138,1778,0
14842.0,2824.69,145,1166,0
14844.0,3189.81,130,1833,0
14847.0,309.4,13,120,0
14849.0,7930.54,388,5694,3
14850.0,325.75,21,293,0
14851.0,511.35,28,325,0
14852.0,2836.69,143,1747,0
14853.0,475.8,9,82,0
14854.0,2759.83,127,1832,0
14855.0,645.65,20,267,0
14856.0,1311.3799999999999,66,714,0
14857.0,1173.12,60,464,0
14859.0,1353.74,58,671,0
14860.0,170.32,11,232,0
14861.0,125.79,6,117,0
14862.0,841.1999999999999,48,772,0
14863.0,266.76,11,132,0
14865.0,52.2,4,108,0
14866.0,14389.9,99,6752,3
14867.0,710.28,36,328,0
14868.0,2953.59,144,1405,0
14869.0,725.7,71,550,0
14870.0,327.25,13,119,0
14871.0,522.38,98,185,0
14873.0,519.68,28,168,0
14875.0,1465.3200000000002,47,558,0
14878.0,1485.54,124,802,0
14880.0,706.19,47,373,0
14881.0,255.4,17,316,0
14882.0,589.7,11,158,0
14883.0,761.59,53,790,0
14885.0,765.3199999999999,15,724,0
14886.0,364.8,18,160,0
14887.0,1862.0,6,1100,0
14888.0,369.2,20,184,0
14889.0,135.9,10,90,0
14890.0,125.65,7,51,0
14891.0,554.38,33,505,0
14893.0,1237.8500000000001,73,799,0
14894.0,655.75,23,265,0
14895.0,11138.710000000001,498,4851,3
14896.0,468.77000000000004,43,279,0
14897.0,1366.38,55,468,0
14898.0,1303.52,116,1020,0
14901.0,1421.29,96,661,0
14902.0,332.66,20,218,0
14903.0,2810.63,355,1536,3
14904.0,1025.44,69,1985,0
14905.0,616.15,17,287,0
14907.0,3501.1,165,1691,0
14908.0,277.8,9,132,0
14910.0,434.35,30,238,0
14911.0,143825.06,5675,80265,2
14912.0,867.85,27,971,0
14913.0,1227.43,87,1743,0
14915.0,307.48,12,112,0
14916.0,1268.98,77,1136,0
14918.0,1610.15,45,675,0
14920.0,977.77,57,509,0
14921.0,1316.07,78,953,0
14923.0,749.1,44,418,0
14924.0,310.05,10,64,0
14929.0,223.88,11,136,0
14930.0,2372.86,128,1166,0
14931.0,1257.68,41,417,0
14932.0,363.53,17,80,0
14934.0,1890.94,87,1042,0
14935.0,1784.71,10,935,0
14936.0,8137.02,364,4085,3
14937.0,1621.88,34,484,0
14944.0,5900.25,170,2815,0
14946.0,100.9,3,22,0
14947.0,290.82,14,179,0
14948.0,1101.97,63,673,0
14950.0,371.2,19,136,0
14951.0,311.69,20,311,0
14952.0,8099.49,138,3355,0
14953.0,289.82,55,225,0
14954.0,336.17,85,127,0
14957.0,58.49,12,34,0
14958.0,499.68,42,129,0
14959.0,695.42,59,494,0
14960.0,221.27,27,221,0
14961.0,7044.68,312,3708,3
14962.0,126.7,5,44,0
14963.0,1487.8,198,1176,0
14964.0,206.21,13,143,0
14965.0,599.0,83,365,0
14966.0,191.32,38,187,0
14967.0,463.8,6,140,0
14968.0,147.59,37,127,0
14970.0,1592.06,34,250,0
14971.0,1116.57,160,644,0
14972.0,114.77,18,28,0
14973.0,1314.45,32,369,0
14974.0,114.39,21,44,0
14975.0,279.94,11,380,0
14976.0,790.86,72,234,0
14978.0,1931.42,216,525,0
14981.0,102.12,8,97,0
14984.0,213.27,41,60,0
14985.0,296.75,87,260,0
14987.0,326.4,4,128,0
14988.0,334.54,40,141,0
14995.0,233.23000000000002,61,103,0
14997.0,546.1999999999999,26,1120,0
14998.0,429.87,75,270,0
15000.0,490.52,77,218,0
15002.0,1641.76,115,862,0
15004.0,1246.32,158,630,0
15005.0,6316.57,1119,4247,3
15006.0,502.09,144,302,0
15007.0,156.91,12,69,0
15009.0,1261.78,182,642,0
15010.0,308.94,20,184,0
15012.0,423.04,128,231,0
15014.0,260.17,35,151,0
15016.0,170.04,20,76,0
15017.0,125.58,20,63,0
15018.0,496.21000000000004,31,189,0
15019.0,266.0,70,159,0
15021.0,1914.82,472,847,3
15022.0,905.04,135,543,0
15023.0,6802.76,562,2871,3
15024.0,1661.33,155,920,0
15025.0,377.01,72,189,0
15026.0,469.0,61,285,0
15027.0,1066.1499999999999,35,565,0
15028.0,627.13,48,459,0
15030.0,518.28,7,372,0
15031.0,668.14,111,401,0
15032.0,4959.1,52,2968,0
15033.0,2586.67,510,1695,3
15034.0,4308.61,394,2422,3
15035.0,252.73000000000002,27,245,0
15036.0,465.55,127,327,0
15038.0,705.49,130,217,0
15039.0,19914.44,1502,9209,3
15041.0,180.35,67,104,0
15042.0,135.93,5,30,0
15043.0,537.0,3,300,0
15044.0,7700.2300000000005,453,2795,3
15045.0,735.66,12,114,0
15046.0,5213.7699999999995,206,3451,0
15047.0,343.62,22,222,0
15048.0,384.05,97,195,0
15049.0,121.17000000000002,3,63,0
15050.0,1782.09,78,1224,0
15051.0,1391.61,143,1011,0
15052.0,215.78,30,82,0
15053.0,697.79,71,986,0
15054.0,302.1,114,198,0
15057.0,1489.5,25,668,0
15058.0,2124.9900000000002,276,1069,0
15059.0,1337.72,237,604,0
15060.0,303.09,121,263,0
15061.0,54534.14,403,28920,3
15062.0,987.86,57,763,0
15063.0,370.79999999999995,5,56,0
15065.0,3158.13,155,1383,0
15066.0,893.59,42,317,0
15067.0,1744.76,82,954,0
15068.0,553.36,104,364,0
15069.0,1109.53,70,520,0
15070.0,106.2,1,36,0
15071.0,982.07,26,269,0
15073.0,1043.41,54,491,0
15074.0,748.87,42,455,0
15075.0,773.03,27,447,0
15076.0,880.85,49,571,0
15078.0,9743.11,440,5105,3
15079.0,895.61,47,389,0
15081.0,504.8,33,190,0
15083.0,88.2,5,38,0
15087.0,306.94,15,470,0
15088.0,1160.07,57,460,0
15089.0,2420.84,145,1359,0
15090.0,381.32,23,208,0
15091.0,480.71,30,346,0
15092.0,457.81,26,135,0
15093.0,4597.02,108,3760,0
15095.0,1370.6,47,1079,0
15096.0,219.39000000000001,11,120,0
15097.0,248.08,25,170,0
15098.0,39916.5,3,121,3
15099.0,410.48,23,343,0
15100.0,876.0,3,80,0
15101.0,317.53,8,241,0
15103.0,703.36,35,329,0
15104.0,1027.44,69,637,0
15105.0,2298.93,101,1211,0
15106.0,1422.52,100,1181,0
15107.0,319.5,16,169,0
15108.0,1300.25,60,499,0
15109.0,484.95,28,131,0
15110.0,996.1,35,246,0
15111.0,1567.48,84,710,0
15113.0,3609.33,100,2386,0
15114.0,2760.56,197,3096,0
15115.0,340.11,21,157,0
15116.0,1352.75,45,648,0
15117.0,1551.78,79,1948,0
15118.0,244.8,1,1440,0
15119.0,266.4,14,88,0
15120.0,358.82,21,296,0
15121.0,457.72,28,199,0
15122.0,1633.78,82,800,0
15123.0,2199.31,106,1195,0
15124.0,184.19,15,233,0
15125.0,11528.48,127,6193,3
15127.0,406.53,16,251,0
15128.0,1471.0,102,1343,0
15129.0,3447.4,84,1794,0
15130.0,330.11,22,197,0
15132.0,977.9300000000001,52,679,0
15133.0,982.42,29,680,0
15134.0,1387.99,73,887,0
15135.0,139.05,9,43,0
15136.0,1286.7,68,776,0
15139.0,178.96,13,208,0
15140.0,2354.25,80,1572,0
15142.0,498.74,26,365,0
15143.0,259.45,14,150,0
15144.0,6580.44,217,3050,3
15145.0,1194.73,67,756,0
15146.0,1327.16,91,1473,0
15147.0,623.5,28,366,0
15148.0,301.29,20,187,0
15149.0,520.8000000000001,23,128,0
15150.0,5314.47,343,3658,3
15152.0,4745.69,271,2704,3
15153.0,329.25,22,198,0
15154.0,296.42,85,104,0
15156.0,961.49,55,597,0
15157.0,1936.07,125,2392,0
15158.0,401.40000000000003,7,198,0
15159.0,18641.010000000002,710,11441,3
15160.0,158.16,4,84,0
15163.0,304.47,29,186,0
15164.0,843.05,103,360,0
15165.0,487.75,27,160,0
15167.0,163.0,41,67,0
15168.0,106.56,5,52,0
15171.0,1289.5,5,290,0
15172.0,1624.05,110,1611,0
15174.0,135.75,11,145,0
15175.0,224.14,23,454,0
15178.0,40.5,3,30,0
15179.0,2206.95,93,1938,0
15180.0,87.5,6,36,0
15181.0,689.4799999999999,16,544,0
15182.0,622.85,29,253,0
15184.0,406.76,63,223,0
15185.0,310.62,21,666,0
15186.0,411.41,19,215,0
15187.0,4777.18,91,1887,0
15189.0,16225.39,212,6149,3
15192.0,1044.32,51,918,0
15193.0,499.32,19,144,0
15194.0,7616.53,310,5703,3
15195.0,3861.0,1,1404,0
15197.0,1079.6100000000001,32,469,0
15198.0,193.64,10,120,0
15199.0,1268.7,13,396,0
15201.0,1236.54,69,1210,0
15203.0,1827.8,142,1753,0
15204.0,316.58,9,258,0
15205.0,653.24,37,378,0
15206.0,420.29999999999995,9,162,0
15208.0,870.12,42,316,0
15210.0,331.18,20,228,0
15211.0,894.4100000000001,52,240,0
15212.0,101.8,5,36,0
15213.0,328.35,24,272,0
15214.0,1661.44,110,1254,0
15215.0,734.94,35,225,0
15216.0,96.6,2,28,0
15218.0,5756.89,166,3329,0
15219.0,305.75,9,45,0
15220.0,1778.96,117,1393,0
15221.0,403.25,5,43,0
15222.0,585.0,5,440,0
15223.0,755.75,20,213,0
15224.0,322.08,14,152,0
15225.0,409.40000000000003,23,226,0
15226.0,154.41,8,71,0
15227.0,1219.4,58,750,0
15228.0,3386.71,125,2255,0
15230.0,429.6,23,351,0
15232.0,612.06,31,686,0
15234.0,197.0,14,196,0
15235.0,2247.51,143,1324,0
15236.0,321.05,15,269,0
15237.0,1412.32,99,1071,0
15238.0,1071.99,50,692,0
15239.0,780.59,49,594,0
15240.0,1706.57,78,1369,0
15241.0,1756.44,110,1818,0
15243.0,316.68,22,185,0
15244.0,631.57,34,405,0
15245.0,2515.84,89,1784,0
15246.0,514.15,33,247,0
15247.0,356.0,6,160,0
15249.0,6688.46,350,3577,3
15251.0,10484.99,111,6171,3
15252.0,740.78,44,522,0
15253.0,918.1999999999999,53,866,0
15254.0,300.36,18,275,0
15255.0,890.85,47,489,0
15256.0,98.45,6,55,0
15257.0,317.15,7,46,0
15258.0,623.16,34,142,0
15260.0,1810.77,77,885,0
15261.0,254.82,19,270,0
15262.0,178.95000000000002,10,73,0
15263.0,156.51,12,89,0
15264.0,393.74,23,265,0
15265.0,1506.1200000000001,82,612,0
15266.0,119.3,6,18,0
15267.0,1717.36,11,944,0
15269.0,408.8,2,26,0
15270.0,2379.49,41,1521,0
15271.0,2507.07,274,1262,0
15272.0,721.94,63,310,0
15274.0,716.57,47,619,0
15275.0,615.14,41,498,0
15276.0,135.31,52,64,0
15277.0,255.89999999999998,12,205,0
15279.0,290.51,19,189,0
15280.0,113.12,16,154,0
15281.0,2332.15,139,1211,0
15286.0,240.55,3,55,0
15287.0,486.69,20,433,0
15288.0,2306.52,88,775,0
15289.0,939.78,58,1008,0
15290.0,7943.22,204,4501,3
15291.0,4668.3,103,2103,0
15292.0,180.94,25,56,0
15296.0,3672.86,194,1766,0
15297.0,641.94,39,292,0
15298.0,4799.9,192,3116,0
15299.0,4507.01,7,2948,0
15300.0,496.44,28,292,0
15301.0,5070.35,243,2775,3
15303.0,574.02,31,248,0
15304.0,694.4000000000001,23,104,0
15306.0,1174.35,58,810,0
15307.0,205.3,12,37,0
15308.0,310.47,19,175,0
15311.0,60767.9,2379,38194,2
15312.0,924.85,47,516,0
15313.0,52.0,1,25,0
15314.0,327.97,24,313,0
15315.0,570.5,37,862,0
15316.0,165.0,1,100,0
15318.0,312.62,33,642,0
15319.0,204.5,16,175,0
15320.0,267.13,36,326,0
15321.0,2748.31,95,1181,0
15322.0,679.68,42,416,0
15325.0,162.29,49,232,0
15326.0,311.71,29,386,0
15327.0,208.75,10,116,0
15329.0,1049.7,57,486,0
15330.0,714.96,13,1312,0
15332.0,1661.06,35,652,0
15333.0,1028.56,16,344,0
15334.0,351.67,99,274,0
15335.0,173.97,36,80,0
15339.0,574.07,86,416,0
15341.0,2020.52,17,812,0
15342.0,406.09,24,283,0
15343.0,364.5,21,84,0
15344.0,563.94,26,116,0
15345.0,393.54,20,81,0
15346.0,252.42000000000002,17,144,0
15347.0,201.60000000000002,5,130,0
15348.0,158.04,9,84,0
15349.0,473.81,72,327,0
15350.0,115.65,5,51,0
15351.0,1960.1100000000001,225,753,0
15353.0,777.02,63,343,0
15355.0,277.05,14,45,0
15356.0,2766.5,519,1673,3
15358.0,8347.2,551,7050,3
15360.0,427.93,13,223,0
15361.0,418.92,7,336,0
15363.0,326.0,16,144,0
15364.0,913.19,29,493,0
15365.0,2314.32,114,1084,0
15366.0,602.51,44,621,0
15367.0,1877.59,95,1057,0
15368.0,446.94000000000005,4,230,0
15370.0,2386.05,94,830,0
15372.0,2007.3999999999999,27,2924,0
15373.0,2415.91,132,500,0
15374.0,168.0,3,126,0
15376.0,1233.3600000000001,117,619,0
15379.0,3703.29,194,2305,0
15380.0,1690.2600000000002,36,376,0
15381.0,596.85,8,171,0
15382.0,5955.71,302,4012,3
15384.0,642.41,41,596,0
15385.0,316.88,12,161,0
15386.0,394.14,31,446,0
15388.0,140.54,10,88,0
15389.0,500.0,1,400,0
15392.0,1535.53,84,1277,0
15393.0,231.86,12,150,0
15394.0,2183.54,85,910,0
15395.0,107.45,7,17,0
15396.0,288.18,14,122,0
15397.0,94.0,6,20,0
15398.0,1345.53,73,769,0
15399.0,815.77,50,611,0
15400.0,716.2,12,390,0
15402.0,626.77,42,694,0
15405.0,349.1,8,193,0
15406.0,510.71000000000004,53,254,0
15407.0,1056.44,153,558,0
15408.0,267.18,34,106,0
15410.0,3450.84,122,1200,0
15411.0,1358.88,99,530,0
15412.0,190.53,10,108,0
15414.0,774.9000000000001,39,443,0
15415.0,572.8100000000001,48,575,0
15416.0,3984.32,192,2090,0
15417.0,508.8,28,284,0
15419.0,135.86,8,230,0
15421.0,950.36,53,500,0
15422.0,97.7,6,38,0
15423.0,43.5,2,101,0
15424.0,383.34,17,554,0
15426.0,1447.39,292,674,0
15427.0,1483.14,306,1013,0
15428.0,93.78,6,102,0
15429.0,397.35,82,380,0
15432.0,171.19,10,65,0
15433.0,533.3,41,534,0
15434.0,1041.48,55,647,0
15435.0,149.29,29,54,0
15436.0,1122.53,329,613,0
15437.0,200.16,45,79,0
15438.0,156.57999999999998,25,59,0
15440.0,383.68,62,197,0
15442.0,594.0,2,120,0
15443.0,3236.91,382,1663,3
15444.0,1418.26,219,764,0
15445.0,113.5,5,58,0
15447.0,155.17,9,85,0
15448.0,494.64,28,232,0
15449.0,974.52,60,812,0
15450.0,429.84,30,376,0
15452.0,538.73,58,283,0
15453.0,1388.37,286,845,0
15454.0,179.1,25,86,0
15456.0,447.22,60,660,0
15457.0,237.07,58,132,0
15458.0,161.64,7,156,0
15460.0,216.76,58,109,0
15462.0,234.6,11,172,0
15463.0,126.14,7,106,0
15464.0,1048.85,157,350,0
15465.0,7354.62,97,1257,0
15466.0,334.53,57,246,0
15467.0,524.88,52,310,0
15468.0,467.51,24,155,0
15469.0,538.55,24,153,0
15471.0,469.48,77,266,0
15472.0,371.56,76,251,0
15473.0,1771.2,11,672,0
15475.0,454.10999999999996,29,319,0
15478.0,1441.42,46,585,0
15480.0,905.5,45,303,0
15482.0,11054.96,98,5020,3
15483.0,233.81,88,295,0
15484.0,3594.31,188,3152,0
15485.0,2575.0,86,1306,0
15488.0,91.32000000000001,2,73,0
15489.0,1134.28,50,608,0
15491.0,3100.09,154,1646,0
15492.0,659.4599999999999,35,483,0
15493.0,2001.8,297,560,0
15494.0,1299.23,125,1148,0
15497.0,1262.2,15,624,0
15498.0,13316.4,512,6105,3
15500.0,1131.56,68,572,0
15502.0,10384.93,213,4236,3
15503.0,147.09,70,74,0
15504.0,52.83,13,33,0
15505.0,3610.96,97,2390,0
15506.0,979.26,164,848,0
15507.0,492.36,46,162,0
15508.0,1000.27,92,440,0
15510.0,250.0,1,2,0
15511.0,909.23,160,271,0
15512.0,121.0,7,68,0
15513.0,14758.220000000001,308,5709,3
15514.0,4139.46,178,2160,0
15516.0,62.43,15,27,0
15517.0,267.03,27,293,0
15518.0,1942.45,214,1273,0
15520.0,343.5,18,314,0
15521.0,3000.2,185,1836,0
15522.0,398.84,57,573,0
15523.0,412.01000000000005,10,132,0
15524.0,440.0,1,4,0
15525.0,825.92,178,416,0
15526.0,148.44,4,24,0
15527.0,2429.78,163,992,0
15528.0,229.33,26,123,0
15529.0,3995.23,672,3496,3
15530.0,1502.35,108,950,0
15531.0,2007.44,228,1105,0
15532.0,1580.93,256,521,0
15533.0,807.57,83,289,0
15535.0,536.4,75,143,0
15537.0,110.92,24,29,0
15539.0,538.46,41,410,0
15540.0,213.3,15,200,0
15541.0,85.13000000000001,29,49,0
15543.0,127.86,28,86,0
15544.0,3546.71,259,3109,3
15545.0,292.71999999999997,81,163,0
15547.0,4954.84,702,4032,3
15549.0,1693.26,115,698,0
15550.0,575.63,61,295,0
15551.0,436.06,29,218,0
15552.0,90.12,17,60,0
15553.0,437.23,56,451,0
15554.0,217.2,14,74,0
15555.0,4805.17,899,4439,3
15556.0,279.77,31,236,0
15557.0,473.65000000000003,20,219,0
15561.0,800.59,27,267,0
15562.0,134.55,1,39,0
15563.0,1400.44,113,1501,0
15565.0,173.16,8,60,0
15567.0,186.01,7,223,0
15568.0,758.29,53,461,0
15569.0,1375.71,31,666,0
15570.0,4165.52,323,2067,3
15571.0,650.4300000000001,57,264,0
15572.0,2552.86,215,1229,0
15573.0,607.45,104,363,0
15574.0,702.25,168,349,0
15576.0,940.6700000000001,45,404,0
15577.0,258.88,39,89,0
15578.0,127.1,13,52,0
15579.0,348.6,51,120,0
15581.0,3679.9700000000003,149,286,0
15582.0,682.9100000000001,44,453,0
15584.0,725.11,123,314,0
15585.0,455.3,31,320,0
15587.0,913.6800000000001,9,312,0
15589.0,478.53000000000003,29,243,0
15592.0,388.58,24,354,0
15593.0,199.8,5,60,0
15594.0,1771.78,103,983,0
15596.0,1406.59,77,561,0
15597.0,324.57,22,279,0
15598.0,240.68,14,160,0
15599.0,761.74,52,718,0
15601.0,6776.56,410,4983,3
15602.0,1297.8700000000001,46,1137,0
15603.0,48.480000000000004,2,96,0
15604.0,216.39,17,159,0
15605.0,1198.23,67,441,0
15606.0,2920.16,77,892,0
15607.0,104.76,13,202,0
15608.0,1093.68,60,714,0
15609.0,298.48,16,148,0
15610.0,112.46000000000001,6,66,0
15611.0,1591.45,43,504,0
15612.0,195.15,6,52,0
15615.0,10399.74,423,5508,3
15618.0,776.851,45,454,0
15619.0,336.40000000000003,3,136,0
15620.0,1553.18,100,915,0
15621.0,1293.03,16,501,0
15622.0,3709.56,185,1674,0
15623.0,301.03,19,125,0
15624.0,588.13,34,357,0
15625.0,1534.26,64,1188,0
15626.0,675.8,49,766,0
15628.0,2870.2400000000002,155,1894,0
15630.0,1186.35,60,800,0
15632.0,3285.31,167,2109,0
15634.0,243.55,15,99,0
15636.0,724.76,25,284,0
15637.0,223.36,15,128,0
15639.0,425.32,25,323,0
15640.0,12515.66,484,6607,3
15641.0,1887.2,119,1562,0
15643.0,664.0,33,246,0
15644.0,813.0,238,557,0
15645.0,612.01,52,256,0
15646.0,447.64000000000004,35,394,0
15648.0,657.35,25,221,0
15649.0,816.0,2,192,0
15651.0,646.3,32,479,0
15652.0,337.74,21,208,0
15653.0,877.4399999999999,6,1200,0
15654.0,922.53,21,475,0
15655.0,560.67,34,324,0
15656.0,748.5,47,343,0
15657.0,30.0,1,24,0
15658.0,1024.1000000000001,48,242,0
15659.0,306.45,11,111,0
15660.0,1600.86,90,1050,0
15661.0,309.8,5,236,0
15663.0,138.14,9,106,0
15664.0,386.43,17,157,0
15665.0,2242.01,116,1666,0
15667.0,301.32,13,240,0
15668.0,76.32000000000001,1,72,0
15669.0,684.34,33,342,0
15670.0,173.05,12,91,0
15671.0,2657.13,78,1699,0
15673.0,2881.02,155,1514,0
15674.0,2446.6,114,1275,0
15675.0,323.69,21,527,0
15676.0,3435.76,202,2252,0
15677.0,657.23,33,319,0
15678.0,352.7,12,184,0
15679.0,781.28,110,1170,0
15680.0,1333.68,78,952,0
15681.0,1426.16,53,816,0
15683.0,193.75,10,131,0
15687.0,2993.1,166,1310,0
15689.0,254.1,9,84,0
15690.0,239.76,19,408,0
15691.0,136.8,2,72,0
15692.0,191.04,12,138,0
15694.0,6479.4,78,1677,0
15695.0,409.98,22,212,0
15696.0,2736.46,171,1028,0
15699.0,309.65,18,113,0
15700.0,696.68,86,357,0
15701.0,1542.14,237,923,0
15703.0,211.5,5,66,0
15704.0,2293.62,117,1028,0
15705.0,143.1,6,62,0
15706.0,1060.56,55,321,0
15707.0,945.58,214,605,0
15708.0,3364.2400000000002,288,1267,0
15709.0,133.25,6,121,0
15712.0,1072.3600000000001,53,486,0
15713.0,356.7,19,150,0
15714.0,330.88,35,187,0
15716.0,1118.81,118,744,0
15717.0,150.3,7,70,0
15719.0,5045.61,937,2725,3
15720.0,598.73,128,281,0
15721.0,507.08,91,409,0
15722.0,2222.56,69,1026,0
15723.0,203.1,41,87,0
15724.0,218.25,11,73,0
15725.0,415.25,32,221,0
15727.0,5178.96,302,3065,3
15729.0,85.0,5,28,0
15730.0,1120.88,70,689,0
15732.0,294.12,14,215,0
15733.0,162.3,10,62,0
15734.0,1339.45,26,346,0
15737.0,1205.1200000000001,72,599,0
15738.0,4812.42,173,2982,0
15739.0,449.12,8,472,0
15740.0,154.88,9,152,0
15743.0,784.46,88,216,0
15744.0,34.8,3,120,0
15745.0,1094.59,62,421,0
15746.0,196.88,28,178,0
15747.0,974.04,93,480,0
15748.0,149.31,21,51,0
15749.0,44534.3,10,18028,3
15750.0,2465.48,293,1786,0
15752.0,2637.38,411,1978,3
15753.0,79.2,1,144,0
15754.0,458.57,28,199,0
15755.0,2364.25,141,1427,0
15756.0,532.96,192,242,0
15757.0,714.42,45,491,0
15758.0,205.25,9,47,0
15759.0,253.04,7,60,0
15762.0,583.75,37,251,0
15763.0,1086.92,61,271,0
15764.0,3279.97,180,2050,0
15766.0,315.06,11,170,0
15768.0,621.8299999999999,27,244,0
15769.0,56252.72,130,29672,3
15773.0,635.6800000000001,10,311,0
15774.0,270.8,25,87,0
15775.0,104.9,7,68,0
15776.0,241.62,18,138,0
15777.0,1047.11,21,378,0
15780.0,475.28000000000003,29,220,0
15781.0,345.46,20,180,0
15782.0,2614.7400000000002,43,864,0
15783.0,246.3,14,212,0
15785.0,2328.9700000000003,83,1612,0
15786.0,4932.2,267,3364,3
15787.0,948.05,206,540,0
15789.0,351.3,25,438,0
15790.0,220.85,35,114,0
15791.0,1612.69,75,731,0
15793.0,965.61,12,553,0
15795.0,610.01,42,581,0
15796.0,2711.56,133,861,0
15797.0,2207.4,8,873,0
15799.0,884.14,98,955,0
15800.0,699.08,119,335,0
15801.0,1063.95,64,570,0
15802.0,451.42,1,1,0
15803.0,415.82000000000005,8,290,0
15804.0,4206.39,262,2565,3
15805.0,5528.4800000000005,301,3387,3
15806.0,784.58,31,602,0
15807.0,903.9,48,430,0
15808.0,3734.9700000000003,208,1343,0
15809.0,515.77,35,301,0
15810.0,1391.98,89,861,0
15811.0,2218.62,133,1071,0
15812.0,1801.14,41,922,0
15813.0,1303.9099999999999,40,603,0
15814.0,1945.33,72,1271,0
15815.0,2100.6,49,1856,0
15819.0,1905.45,123,1357,0
15820.0,206.98,17,128,0
15821.0,570.96,62,202,0
15822.0,885.47,33,375,0
15823.0,15.0,1,1,0
15825.0,532.94,20,220,0
15826.0,1654.31,68,963,0
15827.0,1836.0900000000001,115,882,0
15829.0,636.14,51,996,0
15830.0,576.0,39,415,0
15831.0,801.76,68,1105,0
15832.0,836.79,54,465,0
15834.0,2233.75,273,965,0
15835.0,954.09,50,439,0
15836.0,137.37,10,26,0
15837.0,391.98,24,189,0
15838.0,33643.08,167,18368,3
15839.0,1048.49,62,675,0
15840.0,355.56,27,396,0
15841.0,1224.06,47,942,0
15843.0,118.95000000000002,8,27,0
15844.0,130.73999999999998,11,134,0
15845.0,3711.77,138,1926,0
15847.0,389.27,22,449,0
15850.0,238.85,97,302,0
15852.0,160.71,22,48,0
15853.0,110.8,30,135,0
15854.0,2974.65,140,939,0
15855.0,712.24,80,470,0
15856.0,16387.57,645,11005,3
15857.0,297.0,14,308,0
15858.0,1438.85,191,1167,0
15860.0,977.21,142,440,0
15861.0,3165.36,546,2544,3
15862.0,832.88,147,585,0
15863.0,68.84,18,19,0
15864.0,1936.3200000000002,20,1192,0
15865.0,895.13,40,368,0
15866.0,230.53,45,126,0
15867.0,3812.64,461,2054,3
15869.0,149.64,15,175,0
15870.0,354.09000000000003,76,335,0
15872.0,360.93,128,212,0
15874.0,4405.88,120,2534,0
15877.0,493.28,129,371,0
15880.0,343.28000000000003,105,211,0
15881.0,501.39000000000004,29,260,0
15882.0,516.36,23,276,0
15883.0,396.48,49,223,0
15885.0,379.35,18,111,0
15886.0,181.09,12,147,0
15888.0,168.31,12,76,0
15889.0,446.87,93,215,0
15891.0,524.52,62,442,0
15894.0,263.55,41,168,0
15895.0,179.17,11,94,0
15897.0,222.05,24,261,0
15898.0,1388.88,86,570,0
15899.0,56.25,4,39,0
15900.0,351.11,51,221,0
15901.0,363.88,116,384,0
15903.0,5126.76,74,2410,0
15904.0,164.68,30,84,0
15906.0,1567.69,150,544,0
15907.0,967.45,249,509,0
15909.0,191.94,7,98,0
15910.0,1232.18,267,1015,0
15912.0,264.62,19,185,0
15916.0,1528.09,155,757,0
15917.0,123.1,12,42,0
15918.0,334.23,40,153,0
15919.0,639.89,143,545,0
15920.0,167.5,60,99,0
15921.0,336.03000000000003,25,166,0
15922.0,369.5,11,138,0
15923.0,127.08,21,122,0
15925.0,207.15,12,93,0
15930.0,426.63,21,139,0
15932.0,2495.87,115,2325,0
15933.0,1107.46,74,885,0
15935.0,416.86,12,115,0
15937.0,145.35,7,73,0
15938.0,404.58,18,240,0
15939.0,6115.01,76,4728,0
15940.0,35.8,1,4,0
15942.0,337.44,14,232,0
15944.0,325.1,6,50,0
15945.0,181.0,2,52,0
15947.0,1708.24,29,898,0
15948.0,955.24,60,567,0
15949.0,364.72,19,284,0
15950.0,1765.51,98,729,0
15951.0,708.22,41,313,0
15952.0,806.57,91,399,0
15953.0,1659.3799999999999,98,892,0
15955.0,4416.26,183,2135,0
15957.0,428.89,42,211,0
15958.0,104.35,7,33,0
15963.0,470.76,28,298,0
15965.0,845.64,122,453,0
15967.0,418.83,84,211,0
15969.0,666.1,20,124,0
15970.0,314.1,11,116,0
15971.0,4199.85,35,1717,0
15973.0,307.82000000000005,4,106,0
15974.0,3442.15,176,2262,0
15975.0,371.01,24,243,0
15976.0,430.94,98,277,0
15977.0,1054.73,65,1016,0
15978.0,1098.78,49,888,0
15980.0,2398.86,43,1560,0
15981.0,3408.48,97,1866,0
15983.0,1475.02,113,892,0
15984.0,2837.67,270,1843,0
15985.0,1142.42,37,1086,0
15986.0,168.12,14,268,0
15987.0,1451.28,140,1556,0
15988.0,158.03,27,181,0
15990.0,792.11,52,443,0
15992.0,41.989999999999995,3,17,0
15993.0,2797.57,552,2051,3
15994.0,427.07,35,177,0
15996.0,1060.68,130,384,0
15998.0,3089.97,506,2041,3
16000.0,12393.7,9,5110,0
16003.0,2735.37,103,1185,0
16005.0,615.39,218,300,0
16006.0,101.4,8,84,0
16007.0,1701.94,385,1393,3
16008.0,478.78,33,323,0
16009.0,992.71,90,378,0
16010.0,407.5,86,210,0
16011.0,3362.71,212,2042,0
16012.0,1415.29,94,799,0
16013.0,37130.6,139,15536,3
16014.0,662.38,145,265,0
16015.0,705.39,182,909,0
16016.0,1508.76,235,620,0
16017.0,211.88,32,102,0
16018.0,408.90000000000003,28,190,0
16019.0,3786.2400000000002,160,1733,0
16020.0,851.01,46,487,0
16022.0,628.28,76,261,0
16023.0,719.81,101,358,0
16024.0,251.24,64,398,0
16025.0,439.65999999999997,28,338,0
16026.0,236.09,32,243,0
16027.0,934.62,16,1147,0
16029.0,81024.84,242,40208,2
16030.0,331.24,29,283,0
16031.0,548.94,100,423,0
16033.0,8816.4,1137,3539,3
16034.0,437.7,22,242,0
16036.0,758.92,55,716,0
16037.0,855.02,39,428,0
16038.0,471.78000000000003,26,244,0
16040.0,1313.55,65,684,0
16041.0,3166.4,6,1584,0
16042.0,1197.27,71,755,0
16043.0,773.99,39,503,0
16045.0,1340.7,83,897,0
16048.0,256.44,8,144,0
16049.0,1111.79,312,793,0
16050.0,137.9,10,278,0
16052.0,362.06,34,282,0
16053.0,1511.95,84,1793,0
16054.0,783.9,70,380,0
16055.0,134.8,8,22,0
16056.0,664.85,68,347,0
16057.0,2263.12,121,863,0
16059.0,1459.8600000000001,180,643,0
16062.0,1153.62,64,800,0
16063.0,335.32,23,262,0
16065.0,372.09,74,231,0
16066.0,1521.87,102,936,0
16070.0,852.15,33,457,0
16071.0,326.24,21,180,0
16072.0,584.3199999999999,23,140,0
16073.0,122.39999999999999,1,48,0
16076.0,2234.73,129,1435,0
16078.0,79.2,1,16,0
16079.0,1352.0,21,864,0
16080.0,217.16,10,128,0
16081.0,2806.9,227,1477,0
16083.0,1317.62,31,908,0
16084.0,436.18,38,216,0
16085.0,981.51,167,636,0
16086.0,1121.39,39,511,0
16091.0,315.06,18,154,0
16092.0,817.86,51,628,0
16093.0,17.0,1,20,0
16094.0,1078.23,63,647,0
16096.0,320.62,12,155,0
16097.0,185.04999999999998,10,87,0
16098.0,2005.63,67,613,0
16099.0,731.9,39,434,0
16101.0,1290.7,76,757,0
16102.0,1842.14,57,942,0
16103.0,1429.64,48,558,0
16104.0,302.36,29,123,0
16105.0,336.96,13,330,0
16106.0,108.38,6,74,0
16107.0,3204.1600000000003,31,1176,0
16108.0,842.5,48,615,0
16109.0,611.88,18,612,0
16110.0,1337.48,354,733,3
16112.0,195.73999999999998,16,574,0
16113.0,161.38,30,176,0
16114.0,135.75000000000003,8,43,0
16115.0,1667.97,284,1001,0
16116.0,612.78,34,248,0
16117.0,232.21,30,130,0
16119.0,423.36,16,240,0
16120.0,1309.14,30,878,0
16121.0,867.11,212,586,0
16122.0,684.4200000000001,38,1128,0
16123.0,307.78,16,170,0
16124.0,249.0,11,48,0
16125.0,289.35,13,124,0
16126.0,6287.77,117,2125,0
16127.0,656.25,40,323,0
16128.0,1880.22,89,988,0
16131.0,3506.54,78,1802,0
16133.0,14589.04,338,8887,3
16134.0,618.09,35,371,0
16135.0,517.55,21,209,0
16136.0,709.38,37,440,0
16139.0,635.41,31,330,0
16140.0,725.18,35,730,0
16141.0,620.4,30,238,0
16142.0,535.34,37,422,0
16143.0,2424.94,117,919,0
16144.0,175.2,1,16,0
16145.0,3799.4900000000002,224,3123,0
16146.0,734.13,29,427,0
16147.0,375.0,22,246,0
16148.0,76.32000000000001,1,72,0
16149.0,280.52,18,308,0
16150.0,2053.02,117,1047,0
16152.0,1829.04,29,642,0
16153.0,1824.23,89,1073,0
16156.0,3122.04,130,1308,0
16157.0,656.69,18,347,0
16159.0,348.2,14,236,0
16160.0,1025.44,20,1162,0
16161.0,5575.56,474,2599,3
16162.0,37.4,2,4,0
16163.0,856.6,6,192,0
16164.0,822.48,34,433,0
16168.0,3787.6,98,1892,0
16169.0,1822.97,85,1325,0
16170.0,1885.05,125,1770,0
16171.0,73.2,3,24,0
16172.0,1140.21,69,787,0
16173.0,1418.32,84,575,0
16174.0,1009.5500000000001,23,651,0
16175.0,1037.59,58,533,0
16177.0,331.95,15,95,0
16178.0,197.9,8,94,0
16179.0,215.83,11,99,0
16180.0,10254.18,162,5867,3
16181.0,305.54,11,152,0
16182.0,6617.65,28,3791,0
16183.0,338.71000000000004,15,113,0
16184.0,1158.79,45,561,0
16185.0,529.41,31,260,0
16186.0,4006.94,218,3020,0
16187.0,6911.4400000000005,295,5048,3
16188.0,981.86,67,782,0
16189.0,215.48,11,134,0
16190.0,215.08,6,88,0
16191.0,5180.52,134,3351,0
16193.0,314.45,19,219,0
16198.0,400.68100000000004,15,129,0
16200.0,1080.6200000000001,179,523,0
16201.0,1863.47,111,1286,0
16202.0,365.27,18,191,0
16203.0,592.9,35,262,0
16204.0,405.71,57,231,0
16205.0,761.38,98,517,0
16206.0,537.0600000000001,63,272,0
16207.0,394.38,19,140,0
16208.0,664.26,66,333,0
16209.0,2262.62,46,1179,0
16210.0,21086.3,123,7559,3
16211.0,547.02,23,154,0
16212.0,690.34,41,244,0
16213.0,159.0,6,48,0
16214.0,1062.75,44,420,0
16215.0,242.35,14,104,0
16216.0,914.9300000000001,37,254,0
16217.0,304.25,15,91,0
16218.0,3084.68,84,2088,0
16221.0,864.86,97,717,0
16222.0,846.72,137,365,0
16224.0,1295.3,96,1116,0
16225.0,1096.32,134,493,0
16226.0,255.12,8,192,0
16227.0,314.22,6,90,0
16229.0,1010.6,47,318,0
16230.0,542.03,35,365,0
16232.0,990.88,37,550,0
16233.0,536.6800000000001,22,174,0
16235.0,867.31,46,330,0
16236.0,432.2,20,184,0
16239.0,414.2,19,228,0
16240.0,3718.8,135,1641,0
16241.0,2607.87,662,1453,3
16242.0,3603.21,294,1982,3
16243.0,409.1,51,110,0
16244.0,1522.75,91,855,0
16245.0,1413.66,90,1014,0
16247.0,114.56,16,182,0
16248.0,152.94,7,78,0
16249.0,1800.07,69,950,0
16250.0,389.44,24,208,0
16253.0,3683.86,123,3233,0
16255.0,2619.91,270,1767,0
16256.0,752.4300000000001,13,581,0
16257.0,46.95,2,2,0
16258.0,5203.51,135,2994,0
16260.0,1035.45,18,311,0
16261.0,746.83,124,306,0
16265.0,5447.0,258,2646,3
16266.0,861.89,61,398,0
16268.0,667.65,45,533,0
16270.0,1141.24,54,688,0
16271.0,1429.24,133,1038,0
16272.0,411.7,25,224,0
16274.0,357.95,67,155,0
16275.0,559.87,33,336,0
16276.0,810.6000000000001,6,420,0
16278.0,566.38,23,114,0
16279.0,1509.58,107,1054,0
16281.0,2062.06,17,934,0
16282.0,168.3,11,114,0
16283.0,1570.81,166,1236,0
16284.0,823.97,109,544,0
16287.0,142.5,8,298,0
16292.0,302.25,17,191,0
16293.0,2248.9900000000002,118,982,0
16295.0,1328.55,79,841,0
16297.0,301.9,20,206,0
16298.0,598.2,27,198,0
16302.0,233.22,11,158,0
16303.0,5360.63,162,2659,0
16305.0,361.21999999999997,22,256,0
16306.0,632.27,41,487,0
16308.0,2560.0,4,8000,0
16309.0,706.57,42,467,0
16311.0,616.26,37,394,0
16313.0,274.15000000000003,16,165,0
16315.0,226.37,14,75,0
16316.0,2938.91,151,1484,0
16317.0,1341.65,69,890,0
16318.0,328.15,19,199,0
16319.0,404.40000000000003,3,72,0
16320.0,1038.46,56,732,0
16321.0,373.65000000000003,12,135,0
16322.0,326.75,37,231,0
16323.0,207.50000000000003,1,50,0
16324.0,428.68,118,282,0
16325.0,594.24,18,194,0
16326.0,3110.96,319,709,3
16327.0,3844.22,319,2571,3
16330.0,251.91,39,147,0
16332.0,1593.2,153,801,0
16333.0,26626.8,45,32184,3
16337.0,151.05,10,87,0
16338.0,214.79999999999998,11,94,0
16339.0,109.95,20,23,0
16340.0,549.07,153,501,0
16341.0,1971.87,77,1398,0
16342.0,322.41,15,157,0
16343.0,370.47999999999996,47,195,0
16344.0,101.10000000000001,2,18,0
16345.0,575.41,38,289,0
16347.0,887.65,92,353,0
16348.0,1469.45,235,819,0
16349.0,53.5,9,9,0
16350.0,1116.47,57,545,0
16351.0,153.9,8,90,0
16352.0,494.44,28,300,0
16353.0,6675.71,94,2006,0
16354.0,395.8,39,150,0
16356.0,211.77,31,93,0
16357.0,658.88,34,246,0
16358.0,2027.5,109,1302,0
16359.0,1750.92,66,1183,0
16360.0,3512.53,662,2144,3
16361.0,896.66,106,421,0
16362.0,734.77,81,351,0
16363.0,109.36000000000001,5,52,0
16364.0,707.04,53,280,0
16365.0,1540.42,51,504,0
16366.0,327.3,18,256,0
16367.0,804.49,130,647,0
16368.0,497.43,76,260,0
16369.0,1553.66,118,1035,0
16370.0,1320.56,228,647,0
16372.0,367.93,97,166,0
16374.0,473.03000000000003,111,240,0
16376.0,987.01,125,694,0
16377.0,676.2,5,1500,0
16378.0,362.95,23,267,0
16379.0,2157.4,108,1410,0
16380.0,1780.59,32,1524,0
16383.0,668.36,102,475,0
16384.0,584.5,33,260,0
16385.0,555.89,59,261,0
16386.0,317.2,88,224,0
16387.0,94.36,4,44,0
16389.0,1382.07,34,1242,0
16392.0,221.19,45,203,0
16393.0,3046.21,330,1576,3
16394.0,1555.34,83,2604,0
16395.0,1486.9,210,1476,0
16398.0,1705.8,82,758,0
16399.0,408.57,73,264,0
16400.0,303.93,29,172,0
16401.0,4098.32,186,3882,0
16402.0,299.6,60,149,0
16403.0,177.5,10,114,0
16404.0,443.05,23,157,0
16405.0,167.25,5,187,0
16406.0,163.07,62,122,0
16407.0,2126.93,172,1124,0
16409.0,2028.88,232,1306,0
16411.0,214.65,45,132,0
16412.0,151.83,35,73,0
16413.0,262.2,31,148,0
16414.0,126.25,7,27,0
16415.0,210.35,54,187,0
16416.0,1051.4,71,672,0
16418.0,675.27,102,288,0
16419.0,972.23,51,436,0
16422.0,34684.4,369,33704,3
16423.0,346.12,18,230,0
16424.0,133.56,5,88,0
16425.0,302.7,21,199,0
16426.0,1908.25,372,1243,3
16427.0,241.06,9,156,0
16429.0,284.55,2,9,0
16430.0,300.85,6,103,0
16431.0,642.81,83,453,0
16432.0,287.4,8,276,0
16433.0,184.26,17,106,0
16434.0,1522.25,109,767,0
16438.0,798.35,132,463,0
16440.0,3640.67,282,2018,3
16441.0,381.2,24,173,0
16442.0,616.79,174,446,0
16444.0,654.67,84,407,0
16445.0,230.51,63,111,0
16446.0,168472.5,3,80997,1
16447.0,259.01,36,223,0
16448.0,188.89000000000001,20,78,0
16449.0,707.69,40,367,0
16450.0,311.92,11,200,0
16451.0,266.97,14,120,0
16454.0,6.9,2,3,0
16455.0,1841.18,99,988,0
16456.0,2158.37,111,1148,0
16457.0,208.36,9,140,0
16458.0,3482.7400000000002,202,2154,0
16460.0,814.72,135,879,0
16461.0,151.42,33,49,0
16462.0,136.0,3,16,0
16463.0,1422.4,82,1163,0
16464.0,1314.68,236,963,0
16466.0,1603.46,148,789,0
16468.0,74.9,2,31,0
16469.0,650.43,182,273,0
16470.0,762.39,170,531,0
16471.0,223.95000000000002,13,141,0
16473.0,316.11,18,196,0
16474.0,1871.5,360,943,3
16475.0,544.3,28,319,0
16477.0,2494.46,146,1415,0
16478.0,331.0,17,224,0
16479.0,300.83,35,102,0
16480.0,769.29,53,455,0
16482.0,220.62,18,346,0
16483.0,139.35,19,44,0
16484.0,404.3,25,200,0
16485.0,363.65,42,235,0
16488.0,498.8,29,728,0
16491.0,731.5,39,478,0
16493.0,1351.63,56,1164,0
16494.0,826.53,50,675,0
16495.0,684.41,97,337,0
16496.0,1599.52,95,1111,0
16497.0,2965.69,136,1396,0
16498.0,100.97,15,45,0
16499.0,365.45,19,127,0
16500.0,400.86,11,123,0
16503.0,1431.93,84,569,0
16504.0,484.38,86,524,0
16505.0,777.6,4,576,0
16506.0,90.30000000000001,3,42,0
16509.0,363.7,13,64,0
16510.0,248.1,13,92,0
16511.0,950.26,169,417,0
16513.0,874.59,35,407,0
16515.0,1627.13,113,833,0
16516.0,101.69999999999999,6,58,0
16517.0,162.7,17,96,0
16518.0,484.32,40,327,0
16519.0,215.07999999999998,13,54,0
16520.0,1046.57,156,558,0
16523.0,9418.470000000001,290,4265,3
16525.0,13027.45,183,7397,3
16526.0,290.36,15,106,0
16527.0,228.06,14,106,0
16528.0,244.41,17,171,0
16529.0,455.25,30,198,0
16531.0,1244.59,77,915,0
16532.0,6748.8,4,2016,0
16533.0,1095.56,177,612,0
16535.0,593.75,31,356,0
16536.0,548.97,55,251,0
16539.0,1388.81,45,477,0
16542.0,119.62,5,46,0
16545.0,339.3,3,78,0
16546.0,787.15,25,549,0
16549.0,4154.64,981,2365,3
16550.0,2298.97,251,1540,0
16551.0,922.12,32,970,0
16552.0,379.73,17,219,0
16553.0,5719.82,84,4600,0
16554.0,837.1,52,402,0
16555.0,285.89,17,175,0
16556.0,3313.79,207,1890,0
16557.0,281.85,11,111,0
16558.0,8338.49,460,5377,3
16560.0,841.41,56,500,0
16561.0,511.12,31,244,0
16563.0,1077.74,19,486,0
16565.0,173.7,3,46,0
16566.0,614.66,18,362,0
16567.0,865.6,35,996,0
16569.0,124.2,5,93,0
16570.0,3738.4,126,2112,0
16571.0,1421.69,87,1239,0
16572.0,1009.6,57,532,0
16573.0,663.61,42,360,0
16574.0,451.44,28,416,0
16581.0,105.84,9,134,0
16582.0,313.62,6,164,0
16583.0,233.45,14,111,0
16584.0,936.08,28,646,0
16586.0,463.95,8,95,0
16587.0,225.15,13,71,0
16589.0,459.24,33,368,0
16591.0,213.5,10,41,0
16592.0,4113.68,216,2927,0
16593.0,330.03,27,116,0
16594.0,181.09,53,64,0
16595.0,360.16,85,335,0
16596.0,250.15,12,97,0
16597.0,90.04,7,184,0
16598.0,145.04999999999998,10,73,0
16600.0,813.52,62,1145,0
16601.0,244.79999999999998,31,134,0
16602.0,528.08,29,336,0
16603.0,482.47,34,480,0
16607.0,3347.71,172,2859,0
16609.0,5493.46,276,2420,3
16610.0,75.66,6,66,0
16611.0,129.49,10,47,0
16612.0,1187.66,66,506,0
16613.0,618.59,30,293,0
16614.0,506.19,26,223,0
16616.0,500.42,33,370,0
16617.0,151.85,5,91,0
16618.0,2647.59,96,1363,0
16619.0,226.21,14,133,0
16620.0,178.96,9,88,0
16621.0,813.48,29,302,0
16623.0,129.45,5,39,0
16624.0,810.5699999999999,48,488,0
16625.0,333.08,23,164,0
16626.0,4413.1,179,2690,0
16627.0,322.8,20,162,0
16628.0,2188.05,117,1205,0
16629.0,417.73,64,493,0
16633.0,2883.1,152,1138,0
16634.0,217.9,9,82,0
16637.0,1154.47,69,927,0
16638.0,1680.72,94,1255,0
16639.0,1257.51,50,510,0
16641.0,231.10000000000002,12,256,0
16642.0,688.33,34,479,0
16643.0,487.51,27,269,0
16644.0,833.78,62,826,0
16647.0,214.06,14,146,0
16648.0,290.65999999999997,19,281,0
16650.0,518.42,24,372,0
16652.0,6773.97,118,3283,0
16653.0,1212.66,69,733,0
16654.0,601.27,29,282,0
16655.0,3794.52,261,2367,0
16656.0,8625.8,73,8894,3
16657.0,933.62,208,1229,0
16658.0,123.24,8,40,0
16659.0,39.12,2,72,0
16660.0,1267.6499999999999,16,571,0
16665.0,135.39999999999998,9,59,0
16666.0,118.98,32,233,0
16667.0,570.13,53,237,0
16668.0,306.71999999999997,20,318,0
16669.0,1374.8700000000001,160,888,0
16670.0,4095.9,252,2556,0
16671.0,1692.27,6,875,0
16672.0,8134.9400000000005,114,2832,0
16674.0,319.61,98,188,0
16676.0,1592.1200000000001,89,636,0
16678.0,3109.99,163,2397,0
16679.0,129.75,3,29,0
16680.0,183.7,10,94,0
16681.0,1770.34,44,1407,0
16682.0,1028.0,30,1040,0
16684.0,66653.56,277,50255,2
16685.0,324.24,62,396,0
16686.0,3062.83,585,2030,3
16688.0,1260.86,62,804,0
16689.0,422.59999999999997,13,330,0
16690.0,225.57999999999998,12,138,0
16692.0,1276.0,3,152,0
16693.0,482.01,60,204,0
16696.0,657.9000000000001,10,146,0
16697.0,112.75,21,27,0
16698.0,1998.0,5,840,0
16700.0,5076.55,308,4024,3
16701.0,5398.3,144,6393,3
16705.0,14034.99,270,5476,3
16706.0,531.35,123,249,0
16708.0,656.63,27,285,0
16709.0,3029.87,79,851,0
16710.0,2483.04,402,1836,3
16711.0,1651.03,22,833,0
16712.0,3645.43,447,1749,3
16713.0,6923.13,624,4276,3
16714.0,1161.53,93,610,0
16715.0,301.71999999999997,19,642,0
16716.0,901.2,2,120,0
16717.0,3858.38,199,1866,0
16718.0,623.75,45,413,0
16719.0,1790.42,201,1204,0
16720.0,155.24,27,182,0
16721.0,292.47,37,172,0
16722.0,4730.81,225,5001,3
16723.0,589.15,43,399,0
16725.0,781.02,151,294,0
16726.0,1382.02,185,977,0
16727.0,272.82,46,177,0
16728.0,1054.67,269,677,0
16729.0,7239.92,660,5783,3
16730.0,743.11,82,994,0
16732.0,603.75,28,317,0
16734.0,650.51,53,346,0
16735.0,2300.56,125,1573,0
16737.0,417.59999999999997,1,288,0
16738.0,3.75,1,3,0
16739.0,323.0,13,172,0
16742.0,464.9,1,1,0
16743.0,2238.09,191,2047,0
16744.0,1304.76,242,805,0
16745.0,7194.3,357,6735,3
16746.0,6697.66,449,4665,3
16747.0,836.06,42,583,0
16748.0,1515.9,69,880,0
16750.0,623.93,95,214,0
16751.0,1764.72,25,1031,0
16752.0,207.5,9,54,0
16753.0,223.92000000000002,34,189,0
16754.0,2002.4,2,4280,0
16755.0,1496.83,170,1064,0
16756.0,239.4,13,106,0
16757.0,106.83000000000001,7,81,0
16758.0,369.34000000000003,22,203,0
16759.0,789.79,42,609,0
16761.0,316.62,13,341,0
16762.0,1501.38,89,618,0
16763.0,611.85,23,319,0
16764.0,2799.25,706,1259,3
16765.0,34.0,1,4,0
16766.0,1145.6,34,536,0
16767.0,5580.6,222,4435,3
16768.0,478.09000000000003,54,196,0
16769.0,380.39,40,83,0
16770.0,770.1,145,464,0
16771.0,2246.81,255,1489,0
16773.0,171.59,26,171,0
16774.0,661.52,48,322,0
16775.0,1695.66,158,440,0
16776.0,388.28,76,262,0
16777.0,226.35,50,64,0
16778.0,245.94,16,194,0
16779.0,10629.720000000001,333,5325,3
16780.0,425.19,60,271,0
16781.0,311.25,17,113,0
16782.0,2279.9,190,712,0
16784.0,107.6,3,24,0
16788.0,597.48,155,311,0
16789.0,80.8,5,32,0
16790.0,1545.6200000000001,93,898,0
16791.0,1721.78,320,763,0
16792.0,110.38000000000001,12,44,0
16793.0,243.84,16,146,0
16794.0,1222.71,285,937,0
16795.0,414.88,66,239,0
16796.0,305.62,18,186,0
16800.0,1201.49,164,540,0
16801.0,1619.73,76,499,0
16803.0,332.3,24,245,0
16804.0,536.99,60,246,0
16805.0,460.59,98,539,0
16806.0,801.49,103,378,0
16807.0,1121.59,67,778,0
16808.0,288.42,23,196,0
16809.0,914.69,149,652,0
16810.0,309.54,15,114,0
16811.0,547.07,28,477,0
16812.0,479.35,15,81,0
16813.0,1692.98,449,1525,3
16814.0,6509.1,324,2769,3
16816.0,417.06,28,274,0
16817.0,1604.75,86,822,0
16818.0,3349.57,188,2164,0
16820.0,497.61,26,307,0
16823.0,358.38,38,136,0
16824.0,460.64,26,236,0
16825.0,775.1800000000001,28,566,0
16826.0,341.7,22,158,0
16828.0,128.5,8,59,0
16829.0,197.22,11,99,0
16830.0,325.91,23,264,0
16832.0,199.15,12,33,0
16833.0,1106.53,47,440,0
16834.0,413.46,24,358,0
16835.0,180.85,10,61,0
16836.0,251.87,11,165,0
16837.0,3170.98,165,1563,0
16838.0,588.85,25,185,0
16839.0,16594.35,266,8975,3
16841.0,1869.82,116,2250,0
16842.0,1264.19,63,693,0
16843.0,10196.57,378,10159,3
16846.0,214.32,11,135,0
16847.0,193.44,12,78,0
16848.0,281.42,14,182,0
16849.0,124.57,8,33,0
16850.0,332.41,19,249,0
16851.0,342.45,20,271,0
16852.0,144.91000000000003,9,56,0
16855.0,328.4,19,164,0
16856.0,35.400000000000006,2,12,0
16858.0,375.69000000000005,10,91,0
16859.0,747.81,52,827,0
16861.0,173.76,6,140,0
16863.0,502.8,26,409,0
16866.0,207.73999999999998,11,60,0
16869.0,825.42,128,585,0
16871.0,2812.34,137,1253,0
16872.0,680.02,7,600,0
16873.0,7123.62,279,3840,3
16875.0,2095.53,112,1069,0
16877.0,853.72,159,463,0
16878.0,13.3,3,12,0
16880.0,1519.08,178,753,0
16881.0,432.0,1,600,0
16882.0,705.12,39,424,0
16883.0,276.73,38,104,0
16884.0,429.84000000000003,26,320,0
16885.0,471.51,101,184,0
16887.0,194.88,37,157,0
16889.0,1578.67,135,925,0
16891.0,809.7,203,283,0
16892.0,525.54,99,239,0
16893.0,145.93,45,62,0
16895.0,219.14,69,102,0
16897.0,289.78,37,73,0
16898.0,508.81,162,419,0
16899.0,1281.56,125,522,0
16900.0,887.11,79,833,0
16902.0,1706.88,44,629,0
16903.0,373.24,60,262,0
16904.0,3754.27,710,2034,3
16905.0,3102.43,208,1408,0
16906.0,579.77,93,281,0
16907.0,981.65,151,298,0
16909.0,379.14,18,436,0
16910.0,1510.06,547,886,3
16912.0,2575.38,101,1029,0
16913.0,113.44,8,82,0
16914.0,208.46,38,121,0
16915.0,621.6800000000001,57,132,0
16916.0,576.26,143,440,0
16917.0,391.52,9,232,0
16918.0,1068.82,128,721,0
16919.0,2596.45,327,1413,3
16921.0,169.79,60,171,0
16923.0,7247.61,672,3417,3
16924.0,846.75,83,493,0
16926.0,230.25,14,35,0
16927.0,543.05,6,993,0
16928.0,2847.6,209,2114,0
16929.0,1295.39,77,929,0
16930.0,380.55,54,341,0
16931.0,4604.22,898,3158,3
16932.0,161.94,53,87,0
16933.0,563.23,44,288,0
16934.0,950.9300000000001,62,399,0
16936.0,262.68,57,173,0
16938.0,2736.38,241,2540,0
16940.0,3049.88,305,2169,3
16942.0,1920.59,281,811,0
16943.0,816.73,33,145,0
16945.0,4345.5,249,2725,3
16947.0,406.48,21,312,0
16948.0,435.02,19,1614,0
16949.0,1286.27,60,791,0
16950.0,1178.56,42,644,0
16951.0,1277.75,86,1318,0
16952.0,167.61,16,92,0
16953.0,20.8,1,10,0
16954.0,2085.08,54,1054,0
16955.0,518.67,25,266,0
16956.0,308.74,16,114,0
16957.0,416.64,16,172,0
16959.0,117.35000000000001,7,49,0
16960.0,507.05,101,304,0
16961.0,234.17,14,125,0
16963.0,110.55000000000001,7,35,0
16965.0,201.19,26,291,0
16966.0,2154.97,28,1981,0
16967.0,319.02,21,333,0
16968.0,439.43,31,326,0
16969.0,650.41,42,816,0
16971.0,357.21,41,72,0
16976.0,251.51999999999998,2,88,0
16978.0,344.33,39,166,0
16979.0,1852.0,89,865,0
16980.0,1078.96,87,788,0
16982.0,384.06,22,182,0
16983.0,1931.25,148,1379,0
16984.0,4481.35,407,2423,3
16985.0,5464.12,120,1832,0
16986.0,1873.2,3,1040,0
16987.0,1625.05,129,402,0
16988.0,126.12,7,43,0
16989.0,1133.25,12,1233,0
16990.0,179.0,1,100,0
16992.0,1614.31,93,860,0
16996.0,1456.96,37,544,0
16997.0,702.0,12,360,0
16998.0,295.0,4,76,0
16999.0,484.82,23,294,0
17001.0,3989.57,169,2164,0
17002.0,1493.73,49,679,0
17004.0,1412.94,44,819,0
17006.0,781.78,44,272,0
17007.0,889.9300000000001,52,597,0
17010.0,195.36,11,118,0
17011.0,270.9,15,186,0
17014.0,586.33,74,245,0
17015.0,1842.56,217,1981,0
17017.0,8694.26,252,6673,3
17018.0,920.1,16,176,0
17019.0,1272.61,234,827,0
17022.0,71.0,7,108,0
17024.0,95.85,3,69,0
17025.0,357.77,9,235,0
17026.0,154.82999999999998,4,97,0
17027.0,890.29,153,421,0
17029.0,716.0,2,400,0
17030.0,146.87,11,146,0
17031.0,380.35,22,235,0
17033.0,1030.14,28,750,0
17034.0,745.52,30,410,0
17035.0,433.53000000000003,28,229,0
17037.0,1267.32,75,656,0
17038.0,112.4,22,28,0
17040.0,449.73,15,181,0
17041.0,1081.57,70,951,0
17042.0,1044.3799999999999,98,994,0
17043.0,1735.18,102,998,0
17044.0,948.48,6,504,0
17045.0,339.44,22,106,0
17046.0,642.02,22,510,0
17047.0,1100.9,65,533,0
17048.0,925.35,43,485,0
17049.0,5659.9800000000005,318,2676,3
17050.0,3228.84,316,1614,3
17051.0,247.14000000000001,43,184,0
17052.0,413.75,92,261,0
17053.0,498.48,13,122,0
17054.0,1356.33,83,804,0
17058.0,1179.89,62,592,0
17059.0,3095.04,516,1855,3
17060.0,234.24,5,216,0
17061.0,5232.2300000000005,99,1526,0
17062.0,538.37,70,430,0
17063.0,1461.14,78,770,0
17064.0,859.35,62,318,0
17068.0,4552.14,296,2164,3
17069.0,2709.7000000000003,143,1506,0
17070.0,312.14,64,133,0
17071.0,2429.03,140,1197,0
17073.0,1446.09,174,759,0
17075.0,834.12,77,292,0
17076.0,841.0799999999999,25,295,0
17078.0,378.2,28,788,0
17079.0,118.80000000000001,2,24,0
17080.0,287.62,8,166,0
17081.0,290.16,64,78,0
17082.0,2003.85,81,1049,0
17083.0,1405.78,52,772,0
17084.0,2949.75,162,1816,0
17085.0,1566.65,187,786,0
17086.0,2050.08,96,1859,0
17088.0,1991.01,115,868,0
17090.0,2043.95,63,921,0
17091.0,3827.76,195,1746,0
17092.0,1777.78,125,1131,0
17094.0,302.0,14,152,0
17095.0,1324.16,74,618,0
17096.0,1022.13,48,339,0
17097.0,954.42,211,459,0
17100.0,971.74,65,800,0
17101.0,1621.73,42,815,0
17102.0,25.5,1,2,0
17105.0,665.78,90,693,0
17107.0,10815.43,418,4837,3
17109.0,885.04,117,589,0
17110.0,163.29999999999998,12,50,0
17111.0,248.61,30,302,0
17114.0,808.62,127,219,0
17115.0,837.5,39,372,0
17117.0,116.19999999999999,9,68,0
17118.0,157.02,10,154,0
17119.0,606.91,35,334,0
17120.0,307.46,18,120,0
17122.0,138.32,7,80,0
17123.0,345.29999999999995,9,246,0
17124.0,298.89,32,130,0
17125.0,259.35,40,291,0
17126.0,1004.75,260,792,0
17128.0,157.09,14,76,0
17131.0,2463.17,134,983,0
17133.0,4892.240000000001,27,2730,0
17134.0,425.0,24,102,0
17135.0,1139.73,52,1224,0
17138.0,380.5,24,126,0
17139.0,10668.47,478,5182,3
17140.0,465.32,20,302,0
17142.0,579.0,15,81,0
17144.0,984.57,48,483,0
17146.0,749.78,35,212,0
17147.0,1714.59,81,882,0
17148.0,124.88,9,82,0
17152.0,1689.5,14,517,0
17153.0,213.78,14,104,0
17154.0,329.34,23,490,0
17155.0,251.70000000000002,20,242,0
17157.0,319.0,13,172,0
17158.0,1266.97,67,778,0
17159.0,1538.88,101,1111,0
17160.0,3518.03,229,2856,0
17162.0,1715.46,104,1001,0
17163.0,293.1,5,66,0
17164.0,2467.35,144,1501,0
17165.0,158.68,10,100,0
17166.0,206.34,12,78,0
17169.0,835.78,54,526,0
17171.0,224.91,16,185,0
17172.0,317.76,15,480,0
17173.0,3766.6,86,1122,0
17174.0,59.9,4,41,0
17175.0,1443.69,63,866,0
17176.0,306.13,15,170,0
17179.0,711.79,80,290,0
17180.0,796.03,128,683,0
17181.0,239.92000000000002,23,241,0
17183.0,3347.31,73,1296,0
17186.0,144.0,2,200,0
17187.0,203.95,10,144,0
17188.0,2474.23,84,1328,0
17189.0,384.40000000000003,61,227,0
17190.0,444.74,19,161,0
17191.0,2095.13,237,1167,0
17193.0,1699.3000000000002,32,1254,0
17194.0,262.62,29,119,0
17197.0,1013.01,29,191,0
17198.0,692.22,96,357,0
17201.0,342.63,40,268,0
17203.0,3563.85,152,2850,0
17204.0,1564.56,57,646,0
17205.0,384.08,13,884,0
17206.0,204.24,7,76,0
17211.0,2317.2200000000003,211,1323,0
17212.0,226.85,4,147,0
17213.0,2781.23,157,1176,0
17214.0,1069.1200000000001,103,276,0
17217.0,113.5,9,24,0
17218.0,1960.72,274,958,0
17219.0,114.23,25,89,0
17220.0,3198.25,472,1905,3
17221.0,335.13,63,288,0
17222.0,354.15,28,128,0
17223.0,426.79,49,112,0
17226.0,393.49,21,406,0
17227.0,939.32,47,741,0
17228.0,1906.09,208,1532,0
17229.0,318.76,47,185,0
17230.0,3638.41,69,1651,0
17231.0,3174.32,541,1742,3
17232.0,421.52,36,203,0
17233.0,190.88,25,131,0
17234.0,149.89000000000001,14,55,0
17235.0,550.06,29,224,0
17236.0,916.13,105,474,0
17237.0,314.69,19,105,0
17238.0,3744.65,566,1822,3
17239.0,382.5,15,150,0
17242.0,1135.04,40,611,0
17243.0,8676.85,400,3370,3
17244.0,954.9,31,616,0
17245.0,171.45,9,75,0
17247.0,282.19,55,106,0
17248.0,318.65,69,213,0
17250.0,384.52,57,168,0
17251.0,283.28000000000003,39,110,0
17252.0,353.86,87,193,0
17253.0,178.26,18,43,0
17254.0,272.44,112,252,0
17255.0,298.41,78,232,0
17256.0,240.0,16,141,0
17259.0,603.37,124,410,0
17262.0,1253.3600000000001,12,367,0
17263.0,63.440000000000005,23,36,0
17265.0,562.9,127,394,0
17266.0,310.64,80,161,0
17267.0,317.62,38,159,0
17268.0,763.64,6,844,0
17272.0,2148.63,114,1778,0
17274.0,111.97999999999999,27,79,0
17277.0,1065.3500000000001,69,430,0
17278.0,246.04,15,179,0
17279.0,187.82999999999998,9,48,0
17282.0,1703.41,94,1877,0
17284.0,1652.58,292,1364,0
17286.0,153.92,45,118,0
17287.0,1064.11,124,559,0
17288.0,1419.73,142,1203,0
17289.0,944.41,111,520,0
17290.0,525.24,102,404,0
17291.0,550.8000000000001,1,72,0
17293.0,1875.1100000000001,135,1140,0
17295.0,556.95,69,294,0
17297.0,131.78,51,67,0
17298.0,498.42,30,387,0
17299.0,669.11,57,678,0
17301.0,197.63,66,149,0
17302.0,1135.63,79,575,0
17303.0,250.04,53,144,0
17306.0,8631.31,66,11491,3
17309.0,82.75,12,41,0
17311.0,1384.85,55,1005,0
17312.0,644.3,14,372,0
17313.0,2328.84,24,1402,0
17314.0,2527.92,131,1896,0
17315.0,6292.26,473,3888,3
17317.0,2600.34,9,1146,0
17320.0,1200.6200000000001,73,634,0
17321.0,700.86,107,373,0
17323.0,921.07,200,776,0
17324.0,990.23,50,844,0
17325.0,96.8,6,60,0
17329.0,523.11,33,142,0
17330.0,363.9,6,120,0
17331.0,175.2,1,16,0
17333.0,494.25,28,375,0
17334.0,307.02,11,315,0
17337.0,2027.8700000000001,543,1269,3
17338.0,6643.93,753,3128,3
17339.0,243.36,9,152,0
17340.0,12353.29,407,5967,3
17341.0,781.36,183,489,0
17343.0,193.64,17,56,0
17344.0,160.57,32,66,0
17345.0,537.74,87,346,0
17346.0,2676.56,500,1657,3
17347.0,228.96,1,216,0
17348.0,1159.52,215,1401,0
17349.0,110.75,9,112,0
17350.0,1286.07,71,795,0
17351.0,587.15,27,113,0
17353.0,1740.0,8,1200,0
17354.0,1393.06,16,1006,0
17356.0,178.22,19,166,0
17357.0,388.14,45,153,0
17358.0,365.85,59,202,0
17359.0,127.86,15,161,0
17360.0,585.79,132,335,0
17361.0,488.2,29,157,0
17362.0,312.23,35,191,0
17364.0,4481.18,411,2701,3
17365.0,4801.56,468,4777,3
17367.0,168.4,34,150,0
17368.0,1912.67,111,1391,0
17370.0,446.18,33,540,0
17371.0,423.89,87,152,0
17372.0,1342.68,253,749,0
17373.0,646.92,57,408,0
17374.0,495.77,28,85,0
17375.0,400.1,69,367,0
17376.0,203.2,24,86,0
17377.0,4100.92,418,2076,3
17379.0,404.66,83,663,0
17381.0,20275.61,109,25649,3
17382.0,65.4,2,25,0
17383.0,199.29,51,150,0
17384.0,336.4,15,88,0
17385.0,261.11,47,201,0
17386.0,2686.42,28,1902,0
17387.0,784.11,78,542,0
17388.0,1259.56,15,1068,0
17389.0,31833.68,213,7612,3
17391.0,508.8,3,480,0
17392.0,457.91,62,320,0
17394.0,203.86999999999998,4,241,0
17396.0,7330.8,27,2005,0
17397.0,696.41,92,254,0
17398.0,653.38,38,310,0
17400.0,2129.96,213,1097,0
17402.0,2633.85,59,701,0
17403.0,281.62,33,117,0
17404.0,31906.82,198,32748,3
17405.0,1031.41,82,726,0
17406.0,2200.42,113,787,0
17408.0,32.65,2,3,0
17409.0,771.85,13,105,0
17410.0,1214.72,64,616,0
17411.0,778.94,41,306,0
17412.0,1258.06,66,738,0
17414.0,778.0,6,2100,0
17415.0,507.84,14,114,0
17416.0,6893.42,269,4302,3
17418.0,463.46000000000004,30,289,0
17419.0,4226.57,206,1876,0
17420.0,598.83,30,265,0
17422.0,1979.37,117,2253,0
17423.0,698.41,26,459,0
17425.0,759.17,43,407,0
17426.0,5037.26,271,3094,3
17427.0,100.8,2,34,0
17428.0,17256.85,328,9474,3
17429.0,524.9200000000001,39,624,0
17430.0,265.76,14,190,0
17431.0,403.3,43,292,0
17432.0,365.76,48,207,0
17433.0,303.15999999999997,54,185,0
17434.0,2373.82,134,1693,0
17436.0,216.29999999999998,9,90,0
17438.0,388.45000000000005,17,103,0
17440.0,186.42000000000002,5,246,0
17442.0,2248.56,135,1496,0
17443.0,534.24,1,504,0
17444.0,2940.04,135,2119,0
17446.0,120.9,9,198,0
17447.0,541.53,36,443,0
17449.0,2520.86,277,1122,0
17450.0,194550.79,337,69993,1
17451.0,1721.4,100,1203,0
17453.0,486.71999999999997,19,219,0
17454.0,517.53,61,243,0
17455.0,131.7,8,66,0
17456.0,249.86,17,222,0
17457.0,1737.7,19,826,0
17458.0,316.5,54,170,0
17459.0,657.3,111,537,0
17460.0,622.4300000000001,29,236,0
17461.0,757.46,111,799,0
17462.0,675.69,27,227,0
17463.0,1896.41,215,1095,0
17464.0,289.96000000000004,9,220,0
17466.0,763.28,41,306,0
17468.0,137.0,5,116,0
17469.0,1870.97,88,787,0
17470.0,1125.07,78,1675,0
17472.0,710.29,181,462,0
17475.0,194.37,14,178,0
17480.0,511.82,29,338,0
17481.0,1255.59,82,1061,0
17483.0,414.04,21,191,0
17486.0,396.87,24,191,0
17489.0,376.64,29,428,0
17490.0,2092.32,76,1134,0
17491.0,3558.87,109,2013,0
17492.0,374.57,12,155,0
17495.0,497.56,27,229,0
17496.0,271.05,10,79,0
17498.0,272.22,17,394,0
17499.0,622.88,40,711,0
17500.0,1138.0,5,17,0
17501.0,288.6,18,160,0
17502.0,689.1,28,376,0
17503.0,558.96,38,486,0
17504.0,2997.0299999999997,127,1664,0
17505.0,1145.84,52,556,0
17506.0,302.2,14,139,0
17507.0,605.58,88,359,0
17508.0,387.31,22,289,0
17509.0,6115.14,366,3534,3
17510.0,308.48,20,214,0
17511.0,91062.38,963,64549,2
17512.0,2924.9900000000002,105,2753,0
17513.0,513.2,6,254,0
17514.0,208.65,40,135,0
17515.0,639.02,87,243,0
17516.0,768.08,137,416,0
17517.0,153.94,11,102,0
17519.0,1844.02,82,1236,0
17520.0,546.81,30,365,0
17521.0,723.2099999999999,45,519,0
17522.0,1070.71,73,1034,0
17523.0,652.74,33,872,0
17524.0,145.0,6,90,0
17525.0,422.70000000000005,9,82,0
17526.0,1195.8999999999999,19,310,0
17527.0,939.37,47,488,0
17528.0,3628.5,253,2138,0
17530.0,2385.0,394,1526,3
17531.0,296.7,14,136,0
17534.0,223.36,9,103,0
17535.0,164.4,13,136,0
17536.0,76.5,3,6,0
17537.0,897.62,75,700,0
17538.0,98.42,9,134,0
17540.0,578.9,25,194,0
17542.0,170.75,25,134,0
17545.0,645.96,145,341,0
17548.0,103.3,5,58,0
17549.0,148.86,6,210,0
17550.0,267.16,42,86,0
17551.0,306.84,43,150,0
17552.0,930.41,49,719,0
17553.0,1487.6,2,1048,0
17554.0,1952.45,88,1763,0
17555.0,483.26,106,349,0
17556.0,157.9,6,101,0
17557.0,541.46,34,306,0
17560.0,854.95,26,635,0
17561.0,167.62,46,146,0
17562.0,1122.38,63,817,0
17564.0,454.01,49,146,0
17566.0,901.21,152,518,0
17567.0,4331.48,165,2632,0
17569.0,344.14,29,159,0
17571.0,1498.51,299,905,0
17572.0,226.75000000000003,12,95,0
17573.0,380.6,25,308,0
17574.0,185.65,8,77,0
17576.0,3622.68,411,1994,3
17578.0,143.45999999999998,5,138,0
17579.0,448.90000000000003,50,258,0
17580.0,215.72,45,88,0
17581.0,11045.04,440,5927,3
17582.0,175.27,29,123,0
17584.0,1242.3,35,458,0
17585.0,1133.07,214,1671,0
17588.0,1240.2,23,676,0
17589.0,2404.17,253,1631,0
17590.0,1479.22,201,828,0
17591.0,2225.9700000000003,166,1009,0
17593.0,3927.34,213,3101,0
17594.0,993.18,50,550,0
17595.0,388.79,83,229,0
17596.0,2827.93,270,4400,3
17597.0,2044.3700000000001,55,1176,0
17600.0,161.67000000000002,13,144,0
17601.0,116.00999999999999,9,103,0
17602.0,5102.97,560,4151,3
17603.0,394.72,11,74,0
17604.0,309.36,63,169,0
17608.0,193.42,59,232,0
17609.0,1112.22,237,723,0
17611.0,3984.22,576,2560,3
17612.0,2048.45,135,1808,0
17613.0,4559.150000000001,312,2496,3
17614.0,390.07,100,238,0
17615.0,329.6,14,140,0
17616.0,571.1999999999999,3,224,0
17618.0,971.58,78,331,0
17619.0,218.52,77,127,0
17620.0,81.44,4,60,0
17621.0,1379.9,26,514,0
17623.0,527.0500000000001,33,265,0
17624.0,843.48,50,554,0
17625.0,2047.0,315,1198,0
17628.0,75.75,5,79,0
17629.0,1814.12,123,1629,0
17630.0,503.59999999999997,26,158,0
17631.0,528.33,39,334,0
17633.0,1324.84,70,644,0
17634.0,2361.9700000000003,297,840,0
17636.0,285.56,20,182,0
17637.0,547.0600000000001,35,280,0
17639.0,108.5,7,49,0
17640.0,621.66,5,250,0
17642.0,712.29,40,474,0
17643.0,101.55,8,71,0
17644.0,2895.64,157,1793,0
17646.0,1008.39,51,323,0
17647.0,133.06,7,30,0
17648.0,1797.5,91,487,0
17649.0,868.49,52,399,0
17650.0,166.08,8,150,0
17651.0,3945.0,232,3112,0
17652.0,4867.72,259,2509,3
17653.0,1207.56,44,1409,0
17654.0,117.55,22,41,0
17655.0,2638.94,91,1116,0
17656.0,1674.69,82,1399,0
17658.0,595.42,19,616,0
17659.0,2999.46,158,1525,0
17660.0,196.0,45,130,0
17663.0,1802.91,86,797,0
17664.0,604.64,43,604,0
17666.0,728.16,18,596,0
17667.0,2055.51,116,1033,0
17668.0,347.75,15,93,0
17669.0,3406.7200000000003,68,1916,0
17670.0,205.7,11,110,0
17671.0,1572.71,53,772,0
17672.0,3178.17,110,1690,0
17673.0,1629.12,227,1487,0
17674.0,551.04,27,672,0
17675.0,20374.28,705,8360,3
17676.0,1387.68,78,932,0
17677.0,16363.23,304,9775,3
17678.0,298.11,16,207,0
17679.0,1992.1100000000001,30,729,0
17680.0,184.4,11,96,0
17682.0,2474.33,118,1367,0
17684.0,239.41,15,145,0
17685.0,3191.53,130,1956,0
17686.0,5739.46,286,2478,3
17690.0,4757.95,256,1773,0
17691.0,290.40000000000003,19,134,0
17692.0,740.9399999999999,46,672,0
17693.0,200.47,16,231,0
17694.0,283.12,15,184,0
17695.0,765.34,35,779,0
17696.0,2285.71,115,1756,0
17697.0,338.95,19,93,0
17698.0,154.95,8,93,0
17700.0,2534.64,142,1266,0
17701.0,417.95,24,109,0
17702.0,1824.37,74,1353,0
17703.0,798.74,55,590,0
17704.0,885.19,31,343,0
17705.0,1823.52,103,963,0
17706.0,10504.49,382,3899,3
17707.0,152.4,5,144,0
17708.0,267.08,35,91,0
17709.0,137.45,7,17,0
17711.0,385.1,23,246,0
17712.0,522.91,29,215,0
17714.0,153.0,10,92,0
17715.0,326.4,1,384,0
17716.0,5655.99,245,3072,3
17718.0,139.35,6,83,0
17719.0,5396.04,274,2466,3
17720.0,1195.94,50,576,0
17722.0,2424.04,115,1595,0
17723.0,3276.4000000000005,10,792,0
17724.0,1033.0,40,300,0
17725.0,3439.08,192,2162,0
17727.0,1060.25,66,645,0
17728.0,2876.01,165,1469,0
17730.0,5298.4800000000005,218,3576,3
17731.0,1240.11,67,493,0
17732.0,303.97,18,93,0
17733.0,692.19,35,463,0
17734.0,700.63,43,422,0
17735.0,13110.02,690,8439,3
17736.0,377.44,25,238,0
17737.0,168.24,10,108,0
17738.0,1879.05,97,1029,0
17739.0,2791.35,47,861,0
17742.0,355.11,15,89,0
17744.0,2322.4,136,3412,0
17746.0,110.25,6,29,0
17747.0,71.4,1,12,0
17749.0,674.52,35,320,0
17750.0,1797.57,193,3957,0
17752.0,80.64,1,192,0
17754.0,1772.26,92,1869,0
17757.0,5605.29,741,3320,3
17758.0,3456.7000000000003,412,2091,3
17759.0,834.99,95,708,0
17760.0,287.59,25,239,0
17761.0,712.78,19,398,0
17763.0,15.0,1,12,0
17764.0,818.8199999999999,75,395,0
17765.0,371.88,57,144,0
17767.0,271.2,21,128,0
17768.0,2273.1800000000003,105,1186,0
17769.0,3997.98,310,1862,3
17770.0,1143.27,38,365,0
17771.0,245.81,54,287,0
17772.0,182.77,53,58,0
17774.0,1225.41,156,512,0
17775.0,56.4,3,72,0
17777.0,665.86,194,507,0
17779.0,658.57,82,397,0
17781.0,188.02,12,34,0
17783.0,283.47,67,354,0
17785.0,131.94,13,67,0
17786.0,278.74,72,200,0
17787.0,1865.19,134,910,0
17788.0,1117.9,5,211,0
17789.0,225.9,14,74,0
17790.0,1965.55,190,836,0
17791.0,106.1,10,46,0
17793.0,323.04,58,232,0
17795.0,350.39,46,341,0
17796.0,697.9,82,178,0
17797.0,780.43,111,498,0
17799.0,3055.93,408,1758,3
17800.0,1199.01,104,736,0
17802.0,1285.04,140,752,0
17805.0,512.31,10,478,0
17806.0,546.04,43,727,0
17809.0,5411.91,61,2057,0
17811.0,7837.7300000000005,851,4177,3
17812.0,732.16,141,350,0
17813.0,1770.8799999999999,371,790,3
17816.0,36.56,17,30,0
17817.0,387.68,33,67,0
17819.0,3704.87,48,1031,0
17824.0,298.4,13,408,0
17827.0,1995.46,220,1247,0
17828.0,1820.09,67,667,0
17829.0,889.24,30,496,0
17830.0,398.7,23,92,0
17831.0,35.400000000000006,2,12,0
17832.0,155.37,61,208,0
17835.0,350.64,61,348,0
17836.0,110.21000000000001,24,88,0
17837.0,1593.38,169,518,0
17838.0,2779.3,121,1879,0
17839.0,338.8,56,285,0
17841.0,40991.57,7847,23071,2
17843.0,205.48,37,113,0
17844.0,51.559999999999995,5,52,0
17846.0,2033.1,1,1,0
17848.0,901.1999999999999,51,398,0
17849.0,605.8000000000001,26,114,0
17850.0,5391.21,297,1733,3
17852.0,114.34,24,53,0
17854.0,311.26,15,84,0
17855.0,208.97,17,197,0
17856.0,1418.03,15,842,0
17857.0,26879.04,54,19256,3
17858.0,5155.66,199,2706,0
17859.0,148.21,25,127,0
17860.0,252.8,58,104,0
17861.0,2100.8,222,1988,0
17862.0,330.9,11,100,0
17863.0,3160.0,148,2638,0
17864.0,597.5,102,810,0
17865.0,10526.32,370,5757,3
17866.0,329.65,9,174,0
17867.0,1197.1000000000001,79,542,0
17869.0,428.18,40,111,0
17870.0,1894.35,279,1401,0
17871.0,155.9,10,182,0
17873.0,1859.16,44,1047,0
17874.0,683.46,46,221,0
17877.0,237.61,12,98,0
17878.0,379.45,26,401,0
17879.0,178.51999999999998,6,45,0
17880.0,458.92,26,314,0
17881.0,133.35000000000002,8,32,0
17883.0,671.77,145,379,0
17884.0,717.45,117,854,0
17885.0,190.19,64,167,0
17886.0,899.61,109,481,0
17887.0,111.35,10,30,0
17888.0,726.05,67,980,0
17889.0,203.87,21,79,0
17890.0,602.09,94,416,0
17891.0,203.85999999999999,34,393,0
17892.0,244.1,28,109,0
17893.0,112.25,16,161,0
17894.0,1119.81,193,405,0
17895.0,98.0,16,130,0
17896.0,256.32,2,288,0
17897.0,566.6,114,229,0
17898.0,152.06,28,190,0
17899.0,155.8,32,171,0
17900.0,112.19999999999999,6,73,0
17901.0,110.38,19,24,0
17904.0,191.67,38,63,0
17905.0,800.24,34,407,0
17906.0,72.9,12,26,0
17908.0,243.28,58,173,0
17911.0,366.23,39,223,0
17912.0,311.01,38,185,0
17913.0,411.6,59,289,0
17914.0,336.43,80,473,0
17917.0,341.28,94,187,0
17919.0,1304.04,23,756,0
17920.0,4204.1,696,2516,3
17921.0,826.52,145,430,0
17923.0,207.50000000000003,1,50,0
17924.0,2962.5,31,1160,0
17925.0,244.08,1,72,0
17926.0,397.29,21,306,0
17928.0,212.54,23,140,0
17929.0,843.0,5,108,0
17930.0,1740.48,39,1594,0
17931.0,408.36,65,249,0
17932.0,1331.57,90,789,0
17934.0,704.25,21,478,0
17935.0,145.79,29,82,0
17936.0,389.84,77,262,0
17937.0,4301.22,43,1754,0
17939.0,99.14,12,40,0
17940.0,4106.4400000000005,19,9755,0
17941.0,304.56,2,252,0
17942.0,77.50000000000001,2,38,0
17946.0,149.57999999999998,20,75,0
17947.0,176.68,9,168,0
17948.0,358.56000000000006,1,144,0
17949.0,58510.48,70,30546,3
17950.0,482.2,71,366,0
17951.0,1008.5400000000001,20,616,0
17954.0,2332.72,485,2234,3
17955.0,557.3,19,273,0
17956.0,12.75,1,1,0
17957.0,111.68,31,287,0
17958.0,508.4599999999999,7,84,0
17960.0,73.78,26,41,0
17961.0,1296.44,249,560,0
17962.0,102.83,35,128,0
17964.0,471.7,104,301,0
17965.0,2622.57,329,1556,3
17966.0,1098.43,68,2571,0
17967.0,123.07,48,80,0
17968.0,277.35,85,160,0
17969.0,228.2,14,152,0
17970.0,582.59,31,525,0
17972.0,136.04,31,37,0
17973.0,337.04,15,176,0
17974.0,740.79,179,519,0
17975.0,4488.81,296,1568,3
17976.0,353.19,65,106,0
17977.0,288.14,21,342,0
17978.0,300.91999999999996,12,499,0
17979.0,757.71,146,397,0
17980.0,811.45,30,682,0
17984.0,152.68,48,98,0
17985.0,634.95,23,183,0
17986.0,20.8,1,10,0
17987.0,198.57,13,261,0
17988.0,201.12,38,43,0
17990.0,630.84,29,414,0
17991.0,93.35,5,25,0
17994.0,678.49,81,497,0
17995.0,76.1,2,133,0
17997.0,1970.6699999999998,166,2298,0
17999.0,382.06,93,221,0
18001.0,417.23,58,363,0
18004.0,169.47,40,78,0
18005.0,249.72,60,93,0
18006.0,444.68,22,220,0
18008.0,2116.19,30,1581,0
18009.0,257.34,32,126,0
18010.0,174.8,14,60,0
18011.0,102.78999999999999,28,71,0
18013.0,187.29,31,285,0
18014.0,166.42,32,68,0
18015.0,120.03,46,157,0
18016.0,1483.56,123,1029,0
18017.0,523.0,3,300,0
18018.0,122.14,29,55,0
18019.0,38.45,5,7,0
18022.0,668.11,191,736,0
18024.0,389.78,21,184,0
18027.0,115.31,21,78,0
18030.0,230.64999999999998,9,67,0
18032.0,73.5,5,42,0
18033.0,97.97,34,253,0
18034.0,422.88,112,561,0
18035.0,730.4,53,611,0
18036.0,405.62,96,234,0
18037.0,70.02,19,20,0
18040.0,357.20000000000005,19,148,0
18041.0,4183.39,472,3819,3
18042.0,165.04999999999998,7,33,0
18043.0,559.51,121,282,0
18044.0,2088.6,127,1033,0
18045.0,189.4,47,142,0
18048.0,172.29000000000002,7,127,0
18050.0,74.4,5,40,0
18053.0,300.02,20,302,0
18055.0,6784.1900000000005,360,2455,3
18056.0,363.65,19,211,0
18058.0,170.16,3,88,0
18059.0,306.46,18,258,0
18061.0,2119.41,46,955,0
18062.0,720.52,27,396,0
18064.0,814.0,7,384,0
18065.0,2392.83,137,1027,0
18066.0,318.0,10,108,0
18067.0,396.33,37,189,0
18068.0,101.69999999999999,1,6,0
18069.0,2036.67,470,1311,3
18071.0,453.0,25,260,0
18072.0,247.44,18,288,0
18073.0,3877.5200000000004,73,3108,0
18074.0,489.6,13,190,0
18075.0,2611.75,142,1464,0
18077.0,2633.0099999999998,227,1878,0
18078.0,336.13,29,145,0
18079.0,3651.97,127,7432,0
18080.0,1231.5,2,642,0
18081.0,343.45,17,195,0
18082.0,703.37,73,621,0
18084.0,90.47999999999999,1,312,0
18085.0,689.95,29,265,0
18086.0,101.34,7,106,0
18087.0,4055.7199999999993,2,3907,0
18088.0,167.67000000000002,39,109,0
18092.0,9068.26,89,4252,0
18093.0,2106.52,36,1392,0
18094.0,3017.3,70,2518,0
18095.0,580.0500000000001,21,419,0
18096.0,911.15,213,825,0
18097.0,2697.8,108,1686,0
18099.0,168.31,19,149,0
18101.0,223.65,41,88,0
18102.0,259657.3,431,64124,1
18104.0,754.64,38,362,0
18105.0,113.48000000000002,18,46,0
18106.0,430.7,39,128,0
18108.0,271.0,17,84,0
18109.0,8052.97,444,4237,3
18110.0,236.3,46,86,0
18112.0,352.69,26,255,0
18113.0,76.32000000000001,1,72,0
18114.0,220.1,28,55,0
18116.0,1418.03,378,848,3
18117.0,320.72,74,618,0
18118.0,5653.82,1279,2882,3
18119.0,181.12,30,125,0
18120.0,111.15,17,31,0
18121.0,673.1,32,450,0
18122.0,1826.21,364,1234,3
18123.0,589.4399999999999,36,594,0
18125.0,1142.99,196,804,0
18126.0,206.82999999999998,56,144,0
18127.0,348.73,47,188,0
18129.0,112.55000000000001,14,48,0
18130.0,1059.39,70,824,0
18133.0,931.4999999999999,1,1350,0
18135.0,681.9100000000001,20,349,0
18136.0,784.33,38,379,0
18138.0,152.65,8,38,0
18139.0,8438.34,159,5557,3
18142.0,1019.52,15,1276,0
18143.0,1000.16,61,570,0
18144.0,2888.75,43,1343,0
18145.0,2861.55,221,2625,0
18146.0,160.35000000000002,10,153,0
18147.0,179.33999999999997,7,203,0
18149.0,612.0799999999999,16,310,0
18150.0,566.58,37,332,0
18151.0,653.35,38,355,0
18154.0,399.19,21,255,0
18155.0,371.62,25,266,0
18156.0,734.94,140,301,0
18158.0,453.4,34,354,0
18159.0,530.15,23,139,0
18160.0,638.0600000000001,39,294,0
18161.0,1618.69,80,812,0
18164.0,399.65000000000003,24,184,0
18165.0,302.46000000000004,10,254,0
18167.0,1384.8600000000001,37,382,0
18168.0,1169.94,131,594,0
18169.0,202.65,9,61,0
18170.0,980.31,38,409,0
18171.0,1231.31,54,481,0
18172.0,7561.68,189,3184,3
18173.0,2106.84,31,1220,0
18174.0,104.0,1,50,0
18176.0,476.35,30,283,0
18177.0,1341.42,74,710,0
18178.0,1590.81,97,983,0
18179.0,1793.17,90,1360,0
18180.0,1843.75,119,1721,0
18181.0,382.8,44,146,0
18183.0,632.07,37,371,0
18184.0,49.8,1,60,0
18185.0,304.25,17,183,0
18188.0,2001.04,71,1168,0
18189.0,1090.24,68,566,0
18190.0,284.46000000000004,15,140,0
18191.0,207.79999999999998,7,140,0
18192.0,957.97,45,339,0
18193.0,243.76,16,124,0
18194.0,973.8399999999999,7,632,0
18196.0,689.13,141,433,0
18198.0,5425.56,159,4074,0
18200.0,163.8,32,111,0
18202.0,1396.99,68,581,0
18203.0,160.42000000000002,19,43,0
18204.0,1993.7,200,1200,0
18205.0,517.36,32,192,0
18209.0,139.10000000000002,8,58,0
18210.0,2621.38,134,1398,0
18211.0,600.07,42,359,0
18212.0,248.42,43,101,0
18213.0,232.48000000000002,15,232,0
18215.0,299.34000000000003,13,118,0
18216.0,481.75,26,200,0
18217.0,621.75,31,491,0
18218.0,662.08,21,584,0
18219.0,2069.77,114,885,0
18220.0,305.28000000000003,2,288,0
18221.0,1041.61,64,791,0
18222.0,443.0,19,335,0
18223.0,6484.54,272,2948,3
18224.0,158.95000000000002,10,69,0
18225.0,5509.12,271,3244,3
18226.0,5228.05,242,3466,3
18227.0,93.75,5,21,0
18228.0,779.9,30,238,0
18229.0,7276.900000000001,164,2488,0
18230.0,2810.2000000000003,86,1316,0
18231.0,2083.27,124,821,0
18232.0,592.97,37,302,0
18233.0,440.0,1,4,0
18235.0,1796.48,104,1578,0
18236.0,882.24,49,403,0
18237.0,987.1,61,622,0
18239.0,1561.6100000000001,88,795,0
18240.0,422.58,6,126,0
18241.0,2073.09,104,1051,0
18242.0,2232.4900000000002,78,1017,0
18245.0,2567.06,175,1788,0
18246.0,596.1,4,166,0
18248.0,804.02,47,511,0
18249.0,95.34,8,128,0
18250.0,349.27,21,199,0
18251.0,4314.72,16,7824,0
18252.0,526.67,98,239,0
18255.0,103.3,6,74,0
18257.0,2337.63,118,1041,0
18259.0,2338.6000000000004,42,714,0
18260.0,2643.2000000000003,134,1478,0
18261.0,324.24,21,146,0
18262.0,149.48,13,182,0
18263.0,1213.1599999999999,61,1468,0
18265.0,801.51,46,311,0
18268.0,25.5,1,2,0
18269.0,168.6,7,76,0
18270.0,283.15,11,101,0
18272.0,3078.58,166,2050,0
18273.0,204.0,3,80,0
18274.0,175.92,11,88,0
18276.0,335.86,14,186,0
18277.0,110.38,8,68,0
18278.0,173.9,9,66,0
18280.0,180.60000000000002,10,45,0
18281.0,80.82,7,54,0
18282.0,178.05,12,103,0
18283.0,2094.88,756,1397,3
18287.0,1837.28,70,1586,0
